title,link,published,summary,category
"Some on-air claims about Dominion Voting Systems were false, Fox News acknowledges in statement after deal is announced",https://www.cnn.com/business/live-news/fox-news-dominion-trial-04-18-23/index.html,"Wed, 19 Apr 2023 12:44:51 GMT",No summary available,Others
Dominion still has pending lawsuits against election deniers such as Rudy Giuliani and Sidney Powell,https://www.cnn.com/business/live-news/fox-news-dominion-trial-04-18-23/h_8d51e3ae2714edaa0dace837305d03b8,No publish date,No summary available,Others
Here are the 20 specific Fox broadcasts and tweets Dominion says were defamatory,https://www.cnn.com/2023/04/17/media/dominion-fox-news-allegations/index.html,"Mon, 17 Apr 2023 16:01:11 GMT","• Fox-Dominion trial delay 'is not unusual,' judge says
• Fox News' defamation battle isn't stopping Trump's election lies",Others
Judge in Fox News-Dominion defamation trial: 'The parties have resolved their case',https://www.cnn.com/2023/04/18/media/fox-dominion-settlement/index.html,"Wed, 19 Apr 2023 08:28:17 GMT",The judge just announced in court that a settlement has been reached in the historic defamation case between Fox News and Dominion Voting Systems.,Others
'Difficult to say with a straight face': Tapper reacts to Fox News' statement on settlement,https://www.cnn.com/videos/politics/2023/04/18/jake-tapper-dominion-lawsuit-settlement-fox-news-statement-lead-vpx.cnn,"Tue, 18 Apr 2023 21:17:44 GMT","A settlement has been reached in Dominion Voting Systems' defamation case against Fox News, the judge for the case announced. The network will pay more than $787 million to Dominion, a lawyer for the company said.",Others
Millions in the US could face massive consequences unless McCarthy can navigate out of a debt trap he set for Biden,https://www.cnn.com/2023/04/18/politics/mccarthy-biden-debt-ceiling/index.html,"Tue, 18 Apr 2023 20:34:45 GMT","• DeSantis goes to Washington, a place he once despised, looking for support to take on Trump
• Opinion: For the GOP to win, it must ditch Trump
• Chris Christie mulling 2024 White House bid
• Analysis: The fire next time has begun burning in Tennessee",Others
White homeowner accused of shooting a Black teen who rang his doorbell turns himself in to face criminal charges,https://www.cnn.com/2023/04/18/us/kansas-city-ralph-yarl-shooting-tuesday/index.html,"Wed, 19 Apr 2023 04:29:05 GMT","• 'A major part of Ralph died': Aunt of teen shot after ringing wrong doorbell speaks
• 20-year-old woman shot after friend turned into the wrong driveway in upstate New York, officials say",Others
Newly released video shows scene of Jeremy Renner's snowplow accident,https://www.cnn.com/videos/us/2023/04/18/jeremy-renner-snowplow-accident-bodycam-nc-melas-contd-vpx.cnn,"Tue, 18 Apr 2023 14:09:43 GMT","Newly released body camera footage shows firefighters and sheriff's deputies rushing to help actor Jeremy Renner after a near-fatal snowplow accident in January. The ""Avengers"" actor broke more than 30 bones and suffered other severe injuries. CNN's Chloe Melas has more.",Others
Jake Gyllenhaal and Jamie Lee Curtis spent the Covid-19 lockdown together,https://www.cnn.com/2023/04/18/entertainment/jake-gyllenhaal-jamie-lee-curtis-pandemic-living/index.html,"Tue, 18 Apr 2023 14:40:32 GMT",It's sourdough bread and handstands for Jake Gyllenhaal and Jamie Lee Curtis.,Others
"Toddler crawls through White House fence, prompts Secret Service response",https://www.cnn.com/2023/04/18/politics/white-house-toddler/index.html,"Tue, 18 Apr 2023 17:38:16 GMT","A tiny intruder infiltrated White House grounds Tuesday, prompting a swift response from the US Secret Service.",Others
Jamie Foxx remains hospitalized nearly a week after 'medical complication',https://www.cnn.com/2023/04/17/entertainment/jamie-foxx-remains-hospitalized/index.html,"Tue, 18 Apr 2023 00:27:07 GMT","Jamie Foxx remains hospitalized in Georgia nearly a week after his daughter revealed the actor experienced a ""medical complication,"" a source with knowledge of the matter told CNN on Monday.",Others
A 13-year-old dies after participating in a Benadryl TikTok 'challenge',https://www.cnn.com/2023/04/18/us/benadryl-tiktok-challenge-teen-death-wellness/index.html,"Wed, 19 Apr 2023 15:01:06 GMT","A 13-year-old in Ohio has died after ""he took a bunch of Benadryl,"" trying a dangerous TikTok challenge that's circulating online, according to a CNN affiliate and a GoFundMe account from his family.",Others
See pizza delivery guy take out suspect fleeing police,https://www.cnn.com/videos/us/2023/04/18/pizza-guy-trips-perp-moos-cprog-orig-bdk.cnn,"Tue, 18 Apr 2023 16:40:22 GMT","Pizza guy delivers more than a pie, taking out a fleeing suspect. CNN's Jeanne Moos shows him putting his best foot forward.",Others
Netflix is winding down its DVD business after 25 years,https://www.cnn.com/2023/04/18/media/netflix-dvd-red-envelopes/index.html,"Tue, 18 Apr 2023 20:10:51 GMT",Netflix is officially winding down the business that helped make it a household name.,Others
FTC chair Lina Khan warns AI could 'turbocharge' fraud and scams,https://www.cnn.com/2023/04/18/tech/lina-khan-ai-warning/index.html,"Tue, 18 Apr 2023 17:59:38 GMT","Artificial intelligence tools such as ChatGPT could lead to a ""turbocharging"" of consumer harms including fraud and scams, and the US government has substantial authority to crack down on AI-driven consumer harms under existing law, members of the Federal Trade Commission said Tuesday.",Others
"Eating too much of these foods is driving the rise in type 2 diabetes, study says",https://www.cnn.com/2023/04/17/health/rise-type-2-diabetes-global-wellness/index.html,"Mon, 17 Apr 2023 16:02:46 GMT","Gobbling up too many refined wheat and rice products, along with eating too few whole grains, is fueling the growth of new cases of type 2 diabetes worldwide, according to a new study that models data through 2018.",Others
ADHD medication abuse in schools is a 'wake-up call',https://www.cnn.com/2023/04/18/health/teen-misuse-adhd-meds-wellness/index.html,"Tue, 25 Apr 2023 17:44:36 GMT","At some middle and high schools in the United States, 1 in 4 teens report they've abused prescription stimulants for attention deficit hyperactivity disorder during the year prior, a new study found.",Others
Apple CEO was presented with an original Macintosh. See his reaction,https://www.cnn.com/videos/tech/2023/04/18/apple-store-mumbai-india-ceo-tim-cook-vedika-sud-ovn-biz-ldn-vpx.cnn,"Tue, 18 Apr 2023 09:17:25 GMT",CEO Tim Cook personally welcomed customers to the new Apple store in Mumbai as the tech company opens its first retail stores in India. CNN's Vedika Sud reports.,Others
Democrats bash Justice Clarence Thomas but their plan to investigate ethics allegations is unclear,https://www.cnn.com/2023/04/18/politics/clarence-thomas-ethics-democrats/index.html,"Tue, 18 Apr 2023 20:29:46 GMT","Senate Democrats railed against Justice Clarence Thomas on Tuesday amid reports that the Supreme Court conservative failed to disclose luxury travel, gifts and a real estate transaction involving a GOP megadonor, but their plan to investigate the conservative jurist remains unclear.",Others
"Russia is 'going backwards' in equipment and deploying post WWII-era tanks, according to Western officials",https://www.cnn.com/europe/live-news/russia-ukraine-war-news-04-18-23/index.html,No publish date,"• Jailed Wall Street Journal reporter Evan Gershkovich denied detention appeal in Moscow
• Putin visits Russian troops at military headquarters in Kherson
• Watch moment WSJ journalist appears in Russian court",Others
Two Russians claiming to be former Wagner commanders admit killing children and civilians in Ukraine,https://www.cnn.com/2023/04/17/europe/wagner-commanders-russia-kill-children-intl-hnk/index.html,"Tue, 18 Apr 2023 19:07:52 GMT",Two Russian men who claim to be former Wagner Group commanders have told a human rights activist that they killed children and civilians during their time in Ukraine.,Others
'My stomach is hurting from laughing': Hear panelist's reaction to DeSantis' threat to Disney,https://www.cnn.com/videos/business/2023/04/18/desantis-disney-competition-panel-reax-pt-vpx.cnn,"Tue, 18 Apr 2023 03:24:56 GMT",CNN panelists react to Florida Gov. Ron DeSantis floating the idea of building a competing theme park next to Disney World in Orlando.,Others
GOP prepared to block vote to replace Feinstein on Senate Judiciary,https://www.cnn.com/2023/04/18/politics/schumer-senate-feinstein-vote-cardin/index.html,"Tue, 18 Apr 2023 22:03:13 GMT","Senate Majority Leader Chuck Schumer said on Tuesday that he hopes to replace Democratic Sen. Dianne Feinstein on the Senate Judiciary Committee with Sen. Ben Cardin of Maryland and aims to set up a floor vote on the issue this afternoon, which Republicans are expected to block.",Others
Oklahoma governor calls on officials to resign over recording of racist and threatening remarks,https://www.cnn.com/2023/04/18/us/mccurtain-county-oklahoma-officials-recording/index.html,"Tue, 18 Apr 2023 17:33:17 GMT",No summary available,Others
McCarthy slams Biden in handling of US debt,https://www.cnn.com/videos/politics/2023/04/18/kevin-mccarthy-wall-street-speech-debt-ceiling-biden-economy-vpx.cnn,"Tue, 18 Apr 2023 22:03:01 GMT",House Speaker Kevin McCarthy traveled to Wall Street on Monday to deliver a fresh warning that the House GOP majority will refuse to lift a cap on government borrowing unless Biden agrees to spending cuts that would effectively neutralize his domestic agenda.,Others
US warns Russia not to touch American nuclear technology at Ukrainian nuclear plant,https://www.cnn.com/2023/04/18/politics/us-warns-russia-zaporizhzhia-nuclear-plant/index.html,"Wed, 19 Apr 2023 08:35:33 GMT","The US has sensitive nuclear technology at a nuclear power plant inside Ukraine and is warning Russia not to touch it, according to a letter the US Department of Energy sent to Russia's state-owned nuclear energy firm Rosatom last month.",Others
Repeated gunshots fired on live TV as ex-lawmaker shot by assassins,https://www.cnn.com/videos/world/2023/04/18/india-ex-lawmaker-atiq-ahmed-assassination-sud-pkg-contd-ovn-intl-hnk-vpx.cnn,"Tue, 18 Apr 2023 09:41:42 GMT","Atiq Ahmed, a former lawmaker in India's parliament, convicted of kidnapping, was shot dead along with his brother while police were escorting them for a medical check-up in a slaying caught on live television on Saturday. CNN's Vedika Sud reports.",Others
FDA clears the way for additional bivalent boosters for certain vulnerable individuals,https://www.cnn.com/2023/04/18/health/fda-bivalent-booster-additional-doses/index.html,"Tue, 18 Apr 2023 15:09:15 GMT","The U.S. Food and Drug Administration amended the terms of its emergency use authorizations for the Pfizer and Moderna bivalent vaccines on Tuesday, allowing people ages 65 and older and certain people with weakened immunity to get additional doses before this fall's vaccination campaigns.",Others
Maine authorities detained a person of interest after 4 people were found dead in a home and 3 others shot while driving,https://www.cnn.com/2023/04/18/us/maine-shooting-bowdoin-yarmouth/index.html,"Wed, 19 Apr 2023 01:49:51 GMT","Maine authorities have detained a person of interest and continue to investigate after two shooting incidents that appear to be connected left at least four people dead and three others injured, state police said.",Others
Southwest says flights resumed after delays caused by 'tech issues',https://www.cnn.com/travel/article/southwest-airlines-flight-delays/index.html,"Tue, 18 Apr 2023 17:15:29 GMT","• Delta Air Lines reports record bookings for summer travel
• Air France and Airbus acquitted in trial over 2009 plane crash",Others
Damar Hamlin cleared to resume football activities after January cardiac arrest,https://www.cnn.com/2023/04/18/sport/damar-hamlin-cleared-to-train-nfl-spt-intl/index.html,"Tue, 18 Apr 2023 22:11:37 GMT","Buffalo Bills safety Damar Hamlin, who has been cleared to resume football activities, said Tuesday his cardiac arrest during an NFL game in January was caused by commotio cordis.",Others
Pilot makes history after landing on top of a 56-story hotel,https://www.cnn.com/videos/travel/2023/03/17/pilot-lands-on-dubai-helipad-cprog-orig-aw-ao.cnn,"Sun, 19 Mar 2023 11:22:30 GMT",Polish pilot Lukasz Czepiela made history after landing a plane on a helipad at the top of a 56-story hotel in Dubai.,Others
Top US Navy admiral defends non-binary sailor amid some Republican criticism,https://www.cnn.com/2023/04/18/politics/gilday-defends-non-binary-sailor/index.html,"Tue, 18 Apr 2023 19:56:40 GMT","The top US Navy admiral ardently defended a non-binary sailor on Tuesday amid some criticism from Republican lawmakers, saying he is ""particularly proud of this sailor.""",Others
Fulton County DA says fake Trump electors are incriminating one another and wants lawyer disqualified,https://www.cnn.com/2023/04/18/politics/fulton-county-trump-fake-electors/index.html,"Wed, 19 Apr 2023 15:31:24 GMT","The Fulton County District Attorney's office said some fake electors for Donald Trump have implicated each other in potential criminal activity and is seeking to disqualify their lawyer, according to a new court filing.",Others
High speed trains are racing across the world. But not in America,https://www.cnn.com/travel/article/high-speed-rail-us/index.html,"Wed, 19 Apr 2023 02:39:40 GMT",High speed trains have proved their worth across the world over the past 50 years.,Others
Podcast: One country musician is calling for other artists to oppose assault rifles,https://www.cnn.com/audio/podcasts/the-assignment/episodes/42a2f0e2-066a-4675-82ff-afe2016a0bb5,No publish date,No summary available,Others
Here's what you need to know if you haven't filed your return yet — and even if you have,https://www.cnn.com/2023/04/18/success/tax-day-2023-file-irs/index.html,"Tue, 18 Apr 2023 14:15:43 GMT","It's April 18, the official deadline to file your federal and state income tax returns for 2022. (It is also, apparently, National Animal Crackers Day for those who celebrate.)",Others
"Undocumented immigrants are paying their taxes today, too",https://www.cnn.com/2023/04/18/us/undocumented-immigrants-taxes-cec/index.html,"Tue, 18 Apr 2023 18:29:24 GMT",It's a surprising fact that's often overlooked in the immigration debate.,Others
Opinion: Why millionaires like us want to pay more in taxes,https://www.cnn.com/2023/04/17/opinions/us-tax-system-wealthy-disney-pearl/index.html,"Mon, 17 Apr 2023 19:32:49 GMT","Tuesday is Tax Day in America, one of the most stressful days of the year, when many taxpayers will finally end their procrastination, file their federal returns, and hope for a refund from the IRS. But for many of the nation's wealthiest, it's just another Tuesday.",Others
'World's longest' purpose-built cycling tunnel opens in Norway,https://www.cnn.com/travel/article/worlds-longest-cycling-tunnel/index.html,"Tue, 18 Apr 2023 10:44:27 GMT","There are many ways to explore the seven mountains that surround the picturesque UNESCO World Heritage city of Bergen on Norway's fjord-studded west coast. The newest, however, might well be record-breaking.",Others
Artist rejects photo prize after AI-generated image wins award,https://www.cnn.com/style/article/ai-photo-win-sony-scli-intl/index.html,"Tue, 18 Apr 2023 15:27:54 GMT",A German artist has rejected an award from a prestigious international photography competition after revealing that his submission was generated by Artificial Intelligence (AI).,Others
These ships disappeared in Lake Superior a century ago. Watch as they're found again,https://www.cnn.com/videos/travel/2023/04/18/century-old-shipwrecks-lake-superior-discovery-contd-orig-zt.cnn,"Tue, 18 Apr 2023 19:29:01 GMT","The Great Lakes Shipwreck Historical Society has found two of three ships that sank in the same Lake Superior storm more than a century ago, locating one in 2021 and the other in 2022.",Positive/Uplifting
Erotic images of seniors show sex and intimacy in new light,https://www.cnn.com/style/article/marilyn-minter-artist-elder-sex/index.html,"Tue, 18 Apr 2023 03:24:57 GMT","What does intimacy look like for seniors? There's no end to sex scenes and other steamy content featuring the young and unwrinkled, but past a certain age, popular culture largely draws a blank — or treats sex as a punchline.",Others
"China's economy is off to a solid start, rising 4.5% in Q1 2023",https://www.cnn.com/2023/04/17/economy/china-gdp-q1-2023-intl-hnk/index.html,"Tue, 18 Apr 2023 07:01:12 GMT",China's economy is off to a solid start in 2023 following its emergence from three years of strict pandemic restrictions.,Others
"Even when wives make as much as husbands, they still do more at home",https://www.cnn.com/2023/04/16/success/husbands-wives-earning-division-of-labor-pew-survey/index.html,"Sun, 16 Apr 2023 17:29:49 GMT","• Four out of the five US metro areas with the lowest unemployment are in Florida. Here's why
• Opinion: The overlooked problem with raising the retirement age for Social Security",Others
McDonald's is upgrading its burgers,https://www.cnn.com/2023/04/17/business/mcdonalds-burgers/index.html,"Mon, 17 Apr 2023 16:31:30 GMT","McDonald's, which has been focusing on upgrading its core items to boost sales, is rolling out a series of changes designed to improve its signature burgers.",Others
Google-parent stock drops on fears it could lose search market share to AI-powered rivals,https://www.cnn.com/2023/04/17/tech/google-ai-search-engine-stock-drop/index.html,"Mon, 17 Apr 2023 15:52:19 GMT","Shares of Google-parent Alphabet fell more than 3% in early trading Monday after a report sparked concerns that its core search engine could lose market share to AI-powered rivals, including Microsoft's Bing.",Others
Bidets save you money and reduce waste — we tested the best options out there,https://www.cnn.com/cnn-underscored/reviews/best-bidets?iid=CNNUnderscoredHPcontainer,No publish date,No summary available,Others
50+ products to make your life easier and our planet cleaner,https://www.cnn.com/cnn-underscored/home/editors-favorite-sustainable-products?iid=CNNUnderscoredHPcontainer,No publish date,No summary available,Others
Mother's Day is around the corner. Here are 50+ thoughtful gifts she'll love,https://www.cnn.com/cnn-underscored/gifts/best-mothers-day-gifts-2023?iid=CNNUnderscoredHPcontainer,No publish date,No summary available,Others
"A head-to-toe guide of how men should dress this spring, and where they should shop",https://www.cnn.com/cnn-underscored/fashion/mens-spring-fashion-style-guide?iid=CNNUnderscoredHPcontainer,No publish date,No summary available,Others
42 of the most useful travel products you can buy on Amazon,https://www.cnn.com/cnn-underscored/travel/amazon-travel-products?iid=CNNUnderscoredHPcontainer,No publish date,No summary available,Others
The 7 best high-yield savings accounts of April 2023,https://www.cnn.com/cnn-underscored/money/high-yield-savings-accounts?iid=CNNUnderscoredHPcontainer,No publish date,No summary available,Others
Taxes are due tomorrow. Here's how to file for an extension,https://www.cnn.com/cnn-underscored/money/how-to-file-taxes?iid=CNNUnderscoredHPcontainer,No publish date,No summary available,Others
Composting is an easy way to reduce food waste. Here's how to do it,https://www.cnn.com/cnn-underscored/home/how-to-compost-at-home?iid=CNNUnderscoredHPcontainer,No publish date,No summary available,Others
We stopped using aluminum foil for cooking and you should too. Here's what to use instead,https://www.cnn.com/cnn-underscored/reviews/mmmat-silicone-mats?iid=CNNUnderscoredHPcontainer,No publish date,No summary available,Others
The beloved Dyson Supersonic hair dryer is at its lowest price ever,https://www.cnn.com/cnn-underscored/deals/dyson-supersonic-sale-2023-04-17?iid=CNNUnderscoredHPcontainer?iid=CNNUnderscoredHPcontainer,No publish date,No summary available,Others
"Everything you need to know about Way Day 2023, Wayfair's biggest sale of the year",https://www.cnn.com/cnn-underscored/deals/wayfair-way-day-2023-04-17?iid=CNNUnderscoredHPcontainer,No publish date,No summary available,Others
The 10 best Amazon deals to shop this week,https://www.cnn.com/cnn-underscored/deals/best-amazon-deals-2023-04-12?iid=CNNUnderscoredHPcontainer,No publish date,No summary available,Others
Mifepristone saved my life,https://www.cnn.com/2023/04/18/opinions/medication-abortion-mifepristone-miscarriage-jones-ctpr/index.html,"Tue, 18 Apr 2023 11:30:00 GMT","The ruling earlier this month by a Texas federal judge to suspend the US Food and Drug Administration's approval of a drug that is used frequently for medication abortions, is very personal for me.",Others
The 2024 presidential alternative many voters will want,https://www.cnn.com/2023/04/18/opinions/2024-presidential-election-alternative-voters-lieberman,No publish date,No summary available,Others
Why isn't the House Judiciary Committee looking into Thomas?,https://www.cnn.com/2023/04/17/opinions/jim-jordan-clarence-thomas-judiciary-committee-obeidallah/index.html,"Mon, 17 Apr 2023 11:37:37 GMT","On Monday, the GOP-controlled House Judiciary Committee — chaired by Donald Trump ally Rep. Jim Jordan — is set to hold a field hearing in New York City called ""Victims of Violent Crime in Manhattan."" A statement bills the hearing as an examination of how, the Judiciary Committee says, Manhattan District Attorney Alvin Bragg's policies have ""led to an increase in violent crime and a dangerous community for New York City residents.""",Others
Top secrets come spilling out,https://www.cnn.com/2023/04/16/opinions/top-secrets-come-spilling-out-opinion-column-galant/index.html,"Sun, 16 Apr 2023 11:22:36 GMT","In 1917, British analysts deciphered a coded message the German foreign minister sent to one of his country's diplomats vowing to begin ""unrestricted submarine warfare"" and seeking to win over Mexico with a promise to ""reconquer the lost territory in Texas, New Mexico and Arizona"" if the US entered the world war. When it became public, the Zimmerman Telegram caused a sensation, helping propel the US into the conflict against Germany.",Others
How did Sudan go from casting off despotic rule to this?,https://www.cnn.com/2023/04/17/opinions/sudan-revolution-to-civil-war-lynch/index.html,"Mon, 17 Apr 2023 22:45:23 GMT","Four years ago, almost to the day, the people of Sudan were celebrating a revolution after overthrowing longtime dictator Omar al-Bashir. Now the East African country faces the possibility of a complete collapse similar to the chaos we see today in Yemen or Libya.",Others
Michelle Yeoh set to return in new 'Star Trek' movie,https://www.cnn.com/2023/04/18/entertainment/michelle-yeoh-star-trek-section-31/index.html,"Tue, 18 Apr 2023 19:11:23 GMT","Live long and prosper, Michelle Yeoh.",Others
Recap: 'Succession' finds dark humor in the aftershocks,https://www.cnn.com/2023/04/16/entertainment/succession-season-4-episode-4-recap/index.html,"Mon, 17 Apr 2023 02:28:12 GMT","After the shock came the aftershocks, the power vacuum, and perhaps most significantly and impressively, the laughs, as ""Succession"" pivoted to face life after Logan Roy, in an episode that finally put the HBO show's title into full flower.",Others
"'Yellowjackets' leans hard into '90s music nostalgia, and we're here for it",https://www.cnn.com/2023/04/14/entertainment/yellowjackets-90s-music/index.html,"Mon, 01 May 2023 23:02:04 GMT","Of the many dark gifts Showtime's eerie hit series ""Yellowjackets"" serves up for us, the juiciest this season is by far the music.",Others
Jeremy Renner revisits 'the amazing group of people' who helped him recover from his accident,https://www.cnn.com/2023/04/16/entertainment/jeremy-renner-update/index.html,"Sun, 16 Apr 2023 19:04:10 GMT","Jeremy Renner is continuing his recovery after his devastating snowplow accident in January, and recognizing those who've helped him along the way.",Others
Review: 'Barry' takes a whack at its farewell season,https://www.cnn.com/2023/04/14/entertainment/barry-season-4-review/index.html,"Fri, 14 Apr 2023 12:33:08 GMT","""Barry"" has taken chances from the very beginning, which is certainly true of a fourth and final season that picks up where the third left off, with its hitman-turned-wannabe actor getting arrested. That paves the way for an even darker season that accentuates the show's ensemble aspect while leaning a little too heavily on blurring lines with flights of fancy.",Others
Can Costco compete online without killing the 'treasure hunt'?,https://qz.com/can-costco-compete-online-without-killing-the-treasure-1851668136,"Tue, 08 Oct 2024 19:55:00 GMT","<img class=""type:primaryImage"" src=""https://i.kinja-img.com/image/upload/c_fit,q_80,w_636/0c672590f6132062d82b310a09a90df7.jpg"" /><p>As <a class=""sc-1out364-0 dPMosf sc-145m8ut-0 lcFFec js_link"" href=""https://qz.com/costco-platinum-bars-gold-and-silver-retail-consumers-1851663436"" rel=""noopener noreferrer"" target=""_blank"">Costco Wholesale</a> (<a class=""sc-1out364-0 dPMosf sc-145m8ut-0 lcFFec js_link"" href=""https://qz.com/quote/COST"" rel=""noopener noreferrer"" target=""_blank"">COST</a>) ventures further into e-commerce, it faces the daunting task of expanding its online presence without sacrificing the unique “treasure hunt” shopping experience that defines its warehouses.<br /></p><p><a href=""https://qz.com/can-costco-compete-online-without-killing-the-treasure-1851668136"">Read more...</a></p>",Others
Americans are slowing down on their credit card spending — here’s why,https://qz.com/credit-card-spending-is-slowing-among-consumers-heres-1851667829,"Tue, 08 Oct 2024 19:35:00 GMT","<img class=""type:primaryImage"" src=""https://i.kinja-img.com/image/upload/c_fit,q_80,w_636/daf3ac95f34c35d8c412f3ed0452fc3c.jpg"" /><p> Americans are slowing down on their <a class=""sc-1out364-0 dPMosf sc-145m8ut-0 lcFFec js_link"" href=""https://qz.com/credit-cards-jd-power-rankings-points-miles-fees-1851623205"" rel=""noopener noreferrer"" target=""_blank"">credit card</a> purchases, according to <a class=""sc-1out364-0 dPMosf sc-145m8ut-0 lcFFec js_link"" href=""https://www.federalreserve.gov/releases/g19/current/"" rel=""noopener noreferrer"" target=""_blank"">recent data from the Federal Reserve’s consumer credit report</a>.<br /></p><p><a href=""https://qz.com/credit-card-spending-is-slowing-among-consumers-heres-1851667829"">Read more...</a></p>",Others
Lyft rolls out new payment measures to gain more drivers,https://qz.com/lyft-will-start-charging-riders-extra-if-they-make-driv-1851667604,"Tue, 08 Oct 2024 18:59:59 GMT","<img class=""type:primaryImage"" src=""https://i.kinja-img.com/image/upload/c_fit,q_80,w_636/adf17bcc0a24692bb1b102311069f92c.jpg"" /><p><a class=""sc-1out364-0 dPMosf sc-145m8ut-0 lcFFec js_link"" href=""https://qz.com/lyft-layoffs-citibike-ebikes-1851639456"" rel=""noopener noreferrer"" target=""_blank"">Lyft</a> says it plans to attract more drivers to its ride-hailing platform by unveiling new payment measures for longer-than-estimated rides. These measures from the company come as Lyft (<a class=""sc-1out364-0 dPMosf sc-145m8ut-0 lcFFec js_link"" href=""https://qz.com/quote/LYFT"" rel=""noopener noreferrer"" target=""_blank"">LYFT</a>) is looking to entice new drivers and retain current drivers on its platform.</p><p><a href=""https://qz.com/lyft-will-start-charging-riders-extra-if-they-make-driv-1851667604"">Read more...</a></p>",Others
"FAANG and data center stocks are a buy to cash in on AI's next phase, strategist says",https://qz.com/faang-data-center-stocks-cash-in-on-ais-next-phase-1851668061,"Tue, 08 Oct 2024 18:29:00 GMT","<img class=""type:primaryImage"" src=""https://i.kinja-img.com/image/upload/c_fit,q_80,w_636/519c11d1832ea37c102116156c28cd9c.jpg"" /><p>Tejas Dessai, director of research at Global X, spoke with Quartz for the latest installment of our “Smart Investing” video series.</p><p><a href=""https://qz.com/faang-data-center-stocks-cash-in-on-ais-next-phase-1851668061"">Read more...</a></p>",Others
Luxury car sales are tanking as drivers look for cheaper options,https://qz.com/cheap-affordable-vehicle-sales-grow-luxury-fall-prices-1851667915,"Tue, 08 Oct 2024 18:25:58 GMT","<img class=""type:primaryImage"" src=""https://i.kinja-img.com/image/upload/c_fit,q_80,w_636/0bd44e28068f3d7fa06f027fea24f365.jpg"" /><p>After years of buying expensive vehicles and looking for luxury, more and more consumers are going all-in on cheaper — but reliable — cars that just get the job done well.<br /></p><p><a href=""https://qz.com/cheap-affordable-vehicle-sales-grow-luxury-fall-prices-1851667915"">Read more...</a></p>",Others
All the airports closing for Hurricane Milton,https://qz.com/hurricane-milton-airport-closures-orlando-tampa-1851667895,"Tue, 08 Oct 2024 17:58:00 GMT","<img class=""type:primaryImage"" src=""https://i.kinja-img.com/image/upload/c_fit,q_80,w_636/fd018ec318da5ddf74be954fe82ce771.jpg"" /><p>As <a class=""sc-1out364-0 dPMosf sc-145m8ut-0 lcFFec js_link"" href=""https://www.nhc.noaa.gov/text/refresh/MIATCPAT4+shtml/081455.shtml"" rel=""noopener noreferrer"" target=""_blank"">category-4 Hurricane Milton</a> barrels toward Florida with an expected landfall occurring Wednesday morning, many of the state’s most heavily trafficked airports are shutting down operations. Among them are <a class=""sc-1out364-0 dPMosf sc-145m8ut-0 lcFFec js_link"" href=""https://www.orlandoairports.net/press/2024/10/07/hurricane-milton-update-2-orlando-international-to-cease-commercial-operations-8-am-wednesday-october-9/"" rel=""noopener noreferrer"" target=""_blank"">Orlando International Airport</a> and <a class=""sc-1out364-0 dPMosf sc-145m8ut-0 lcFFec js_link"" href=""https://news.tampaairport.com/tampa-international-airport-will-suspend-operations-early-tuesday-ahead-of-hurricane-milton/"" rel=""noopener noreferrer"" target=""_blank"">Tampa International Airport</a>.</p><p><a href=""https://qz.com/hurricane-milton-airport-closures-orlando-tampa-1851667895"">Read more...</a></p>",Others
"The next Nvidia? Data center stocks could be a goldmine, strategist says",https://qz.com/next-nvidia-data-center-companies-could-be-a-goldmine-1851668022,"Tue, 08 Oct 2024 17:46:00 GMT","<img class=""type:primaryImage"" src=""https://i.kinja-img.com/image/upload/c_fit,q_80,w_636/f899b71ce3b54e363dd6b6f293742e77.jpg"" /><p><a href=""https://qz.com/next-nvidia-data-center-companies-could-be-a-goldmine-1851668022"">Read more...</a></p>",Others
Home Depot says corporate employees have to try working in actual stores,https://qz.com/home-depot-corp-employees-work-in-store-shift-retail-1851667924,"Tue, 08 Oct 2024 17:25:00 GMT","<img class=""type:primaryImage"" src=""https://i.kinja-img.com/image/upload/c_fit,q_80,w_636/bb32aba528dff93fc9975bc17aa0e089.jpg"" /><p>Home Depot (<a class=""sc-1out364-0 dPMosf sc-145m8ut-0 lcFFec js_link"" href=""https://qz.com/quote/HD"" rel=""noopener noreferrer"" target=""_blank"">HD</a>) wants its corporate employees to gain insight into the daily challenges faced by its in-store associates. </p><p><a href=""https://qz.com/home-depot-corp-employees-work-in-store-shift-retail-1851667924"">Read more...</a></p>",Others
Look inside Clint Eastwood’s California home that just sold for more than $18 million,https://qz.com/clint-eastwoods-former-home-sells-18-55-million-1851667945,"Tue, 08 Oct 2024 17:09:00 GMT","<img class=""type:primaryImage"" src=""https://i.kinja-img.com/image/upload/c_fit,q_80,w_636/58ad1ebaff7c2f6a9f15eb37b91da9c1.jpg"" /><p>Academy Award-winning actor Clint Eastwood’s former home in Carmel-by-the-Sea, California sold for $18.55 million after going on the market for $21 million earlier this year.<br /></p><p><a href=""https://qz.com/clint-eastwoods-former-home-sells-18-55-million-1851667945"">Read more...</a></p>",Others
WeightWatchers is getting in on the off-brand weight loss drug game — and selling them cheap,https://qz.com/weight-watchers-compounded-semaglutide-1851667926,"Tue, 08 Oct 2024 16:59:55 GMT","<img class=""type:primaryImage"" src=""https://i.kinja-img.com/image/upload/c_fit,q_80,w_636/3d2827dfea4aa3351f12bbe24f36db57.jpg"" /><p>WeightWatchers (<a class=""sc-1out364-0 dPMosf sc-145m8ut-0 lcFFec js_link"" href=""https://qz.com/quote/WW"" rel=""noopener noreferrer"" target=""_blank"">WW</a>) announced Tuesday that it is now offering off-brand weight loss drugs for one of the cheapest prices in the industry.<br /></p><p><a href=""https://qz.com/weight-watchers-compounded-semaglutide-1851667926"">Read more...</a></p>",Others
"A self-driving truck startup wants Waymo, Cruise, and others to follow its lead on safety",https://qz.com/gatik-av-self-driving-trucks-safety-waymo-cruise-tesla-1851663459,"Tue, 08 Oct 2024 16:02:00 GMT","<img class=""type:primaryImage"" src=""https://i.kinja-img.com/image/upload/c_fit,q_80,w_636/95744c2614e6969decf943146d03ac7b.jpg"" /><p>Self-driving truck startup Gatik on Thursday announced plans for what it calls the “most rigorous” third-party review of an autonomous driving system. And it wants others to follow its lead.</p><p><a href=""https://qz.com/gatik-av-self-driving-trucks-safety-waymo-cruise-tesla-1851663459"">Read more...</a></p>",Others
Kamala Harris wants Medicare to help cover in-home eldercare. Here's how she plans to pay for it,https://qz.com/kamala-harris-eldercare-funding-medicare-1851667707,"Tue, 08 Oct 2024 15:04:50 GMT","<img class=""type:primaryImage"" src=""https://i.kinja-img.com/image/upload/c_fit,q_80,w_636/8612b60ad2556daa27ff05e32ac4be69.jpg"" /><p>Vice President Kamala Harris is proposing to expand Medicare benefits for home care services for elders. Her campaign says the proposal will be funded by savings generated from Harris’ plans for lowering government spending on prescription drug prices.<br /></p><p><a href=""https://qz.com/kamala-harris-eldercare-funding-medicare-1851667707"">Read more...</a></p>",Others
Two AI pioneers won the Nobel Prize for their work in machine learning,https://qz.com/ai-geoffrey-hinton-john-hopfield-machine-learning-nobel-1851667556,"Tue, 08 Oct 2024 14:43:00 GMT","<img class=""type:primaryImage"" src=""https://i.kinja-img.com/image/upload/c_fit,q_80,w_636/e04614969ced71971ea04833d265cc11.jpg"" /><p>Two artificial intelligence pioneers were awarded the Nobel Prize  for their work in machine learning, which laid the foundation for the current AI boom.</p><p><a href=""https://qz.com/ai-geoffrey-hinton-john-hopfield-machine-learning-nobel-1851667556"">Read more...</a></p>",Others
Toyota is delaying plans to make electric cars in America,https://qz.com/toyotal-evs-electric-cars-hybrids-us-production-1851667677,"Tue, 08 Oct 2024 14:41:05 GMT","<img class=""type:primaryImage"" src=""https://i.kinja-img.com/image/upload/c_fit,q_80,w_636/79e8703b26d7cf51de9bd4a119f0d820.png"" /><p><a class=""sc-1out364-0 dPMosf sc-145m8ut-0 lcFFec js_link"" href=""https://jalopnik.com/car-buying/toyota"">Toyota</a> is delaying the production of its <a class=""sc-1out364-0 dPMosf sc-145m8ut-0 lcFFec js_link"" href=""https://jalopnik.com/toyota-slashes-its-already-low-ev-targets-1851641641"">first U.S.-made electric vehicle until 2026</a> at the earliest. Still, it says it’s going to sell as many as seven all-electric vehicles here within the next two years. It’s going to be very interesting to see if that actually happens with the <a class=""sc-1out364-0 dPMosf sc-145m8ut-0 lcFFec js_link"" href=""https://jalopnik.com/ditching-evs-for-hybrids-is-already-paying-off-for-auto-1851640422"">EV market being as unpredictable</a> as…</p><p><a href=""https://qz.com/toyotal-evs-electric-cars-hybrids-us-production-1851667677"">Read more...</a></p>",Others
Bitcoin creator Satoshi Nakamoto unmasked: Will HBO reveal who really made the cryptocurrency?,https://qz.com/bitcoin-creator-satoshi-nakamoto-hbo-documentary-1851667608,"Tue, 08 Oct 2024 14:25:35 GMT","<img class=""type:primaryImage"" src=""https://i.kinja-img.com/image/upload/c_fit,q_80,w_636/6a363a034e712602ee791f42e5a75cbb.jpg"" /><p>HBO’s (<a class=""sc-1out364-0 dPMosf sc-145m8ut-0 lcFFec js_link"" href=""https://qz.com/quote/WBD"" rel=""noopener noreferrer"" target=""_blank"">WBD</a>) latest documentary, “<a class=""sc-1out364-0 dPMosf sc-145m8ut-0 lcFFec js_link"" href=""https://www.hbo.com/movies/money-electric-the-bitcoin-mystery"" rel=""noopener noreferrer"" target=""_blank"">Money Electric: The Bitcoin Mystery</a>,” premiering Tuesday, <a class=""sc-1out364-0 dPMosf sc-145m8ut-0 lcFFec js_link"" href=""https://qz.com/hbo-documentary-bitcoin-creator-satoshi-nakamoto-1851666819?_gl=1*k9nmcw*_ga*MTU2MDE5NDI5OS4xNzI3NzIxMzUz*_ga_V4QNJTT5L0*MTcyODM5NzM1NC4zMi4xLjE3MjgzOTczODEuMzMuMC4w"" rel=""noopener noreferrer"" target=""_blank"">promises to delve into one of the greatest enigmas of the digital age: the identity of Bitcoin’s elusive creator</a>, believed to be among the richest and most enigmatic individuals on the planet.<br /></p><p><a href=""https://qz.com/bitcoin-creator-satoshi-nakamoto-hbo-documentary-1851667608"">Read more...</a></p>",Others
Even a grocery store is offering free streaming perks now,https://qz.com/kroger-disney-plus-membership-streaming-1851667620,"Tue, 08 Oct 2024 14:12:00 GMT","<img class=""type:primaryImage"" src=""https://i.kinja-img.com/image/upload/c_fit,q_80,w_636/fba2ae1b42a767e45897a9872cd060ca.jpg"" /><p>Kroger (<a class=""sc-1out364-0 dPMosf sc-145m8ut-0 lcFFec js_link"" href=""https://qz.com/quote/KR"" rel=""noopener noreferrer"" target=""_blank"">KR</a>), the nation’s largest grocer, is now helping cover some of its customers’ streaming subscriptions.<br /></p><p><a href=""https://qz.com/kroger-disney-plus-membership-streaming-1851667620"">Read more...</a></p>",Others
10 cities where low mortgage rates have homeowners locked in 'golden handcuffs',https://qz.com/homeowners-mortgage-rates-golden-handcuffs-lock-in-1851667517,"Tue, 08 Oct 2024 14:00:00 GMT","<img class=""type:primaryImage"" src=""https://i.kinja-img.com/image/upload/c_fit,q_80,w_636/a7da16e68789dadee277991c3c0f5d7d.jpg"" /><p>Despite signs that the <a class=""sc-1out364-0 dPMosf sc-145m8ut-0 lcFFec js_link"" href=""https://qz.com/housing-market-mortgage-rates-lock-in-effect-listings-1851632607?rev=1724771767980"" rel=""noopener noreferrer"" target=""_blank"">“lock-in” effect is beginning to fade</a>, many homeowners that snagged rock-bottom mortgage rates during the pandemic are still waiting on rates to fall again before making a move.<br /></p><p><a href=""https://qz.com/homeowners-mortgage-rates-golden-handcuffs-lock-in-1851667517"">Read more...</a></p>",Others
Tesla's big robotaxi event might not even have real cars,https://qz.com/tesla-robotaxi-event-elon-musk-self-driving-cars-evs-1851667564,"Tue, 08 Oct 2024 13:28:25 GMT","<img class=""type:primaryImage"" src=""https://i.kinja-img.com/image/upload/c_fit,q_80,w_636/b0d96357fc1c11f2f90813c8ba7bc07e.jpg"" /><p><a class=""sc-1out364-0 dPMosf sc-145m8ut-0 lcFFec js_link"" href=""https://jalopnik.com/tesla-can-t-even-make-full-self-driving-work-in-a-tunne-1851634303"">Tesla</a> has big plans to release a <a class=""sc-1out364-0 dPMosf sc-145m8ut-0 lcFFec js_link"" href=""https://jalopnik.com/a-robotaxi-wont-solve-teslas-mounting-issues-1851473930"">company-saving robotaxi</a> next week, leveraging the <a class=""sc-1out364-0 dPMosf sc-145m8ut-0 lcFFec js_link"" href=""https://jalopnik.com/even-elon-musk-s-lawyers-don-t-think-autonomous-teslas-1851665228"">incredible advantage in autonomous technology</a> that <a class=""sc-1out364-0 dPMosf sc-145m8ut-0 lcFFec js_link"" href=""https://jalopnik.com/tesla-s-full-self-driving-tech-isn-t-just-around-the-c-1851485259"">the company swears it has</a> in order to prevent <a class=""sc-1out364-0 dPMosf sc-145m8ut-0 lcFFec js_link"" href=""https://jalopnik.com/silicon-valley-tech-bros-are-out-on-tesla-1851651247"">the whole house of cards from tumbling down</a>. The Tesla faithful hoping to see a real life robotaxi might be disappointed, however: New…</p><p><a href=""https://qz.com/tesla-robotaxi-event-elon-musk-self-driving-cars-evs-1851667564"">Read more...</a></p>",Others
SpaceX says it could launch Starship soon if the FAA lets it,https://qz.com/spacex-starship-rocket-fifth-launch-test-elon-musk-faa-1851667523,"Tue, 08 Oct 2024 13:15:00 GMT","<img class=""type:primaryImage"" src=""https://i.kinja-img.com/image/upload/c_fit,q_80,w_636/e67c1a1babb5c373196357f7590990c8.jpg"" /><p>Elon Musk’s SpaceX has said it could launch its next test of the Starship megarocket as soon as Oct. 13 — as long as it gets regulatory approval from the Federal Aviation Administration (FAA).</p><p><a href=""https://qz.com/spacex-starship-rocket-fifth-launch-test-elon-musk-faa-1851667523"">Read more...</a></p>",Others
Uber will use ChatGPT to get more people to use EVs,https://qz.com/uber-green-electric-vehicles-evs-ai-assistant-1851667513,"Tue, 08 Oct 2024 13:13:47 GMT","<img class=""type:primaryImage"" src=""https://i.kinja-img.com/image/upload/c_fit,q_80,w_636/2d6d7bca90e7c3b1a690761e879150ba.jpg"" /><p>Uber (<a class=""sc-1out364-0 dPMosf sc-145m8ut-0 lcFFec js_link"" href=""https://qz.com/quote/UBER"" rel=""noopener noreferrer"" target=""_blank"">UBER</a>) is looking to encourage users and drivers to opt for electric vehicles.<br /></p><p><a href=""https://qz.com/uber-green-electric-vehicles-evs-ai-assistant-1851667513"">Read more...</a></p>",Others
"Everything to know about Nvidia, from the stock to its AI chips",https://qz.com/nvidia-stock-ai-chips-market-cap-1851647728,"Tue, 08 Oct 2024 09:00:00 GMT","<img class=""type:primaryImage"" src=""https://i.kinja-img.com/image/upload/c_fit,q_80,w_636/e989a78d92952961ce408539c230caf9.jpg"" /><p><a class=""sc-1out364-0 dPMosf sc-145m8ut-0 lcFFec js_link"" href=""https://qz.com/nvidia-history-origin-ai-chip-jensen-huang-1851372906"" rel=""noopener noreferrer"" target=""_blank"">Nvidia</a> has emerged as one of the hottest <a class=""sc-1out364-0 dPMosf sc-145m8ut-0 lcFFec js_link"" href=""https://qz.com/ai-artificial-intelligence-glossary-vocabulary-terms-1851422473"" rel=""noopener noreferrer"" target=""_blank"">artificial intelligence</a> stocks on the market. The 31-year-old company’s meteoric rise is largely due to <a class=""sc-1out364-0 dPMosf sc-145m8ut-0 lcFFec js_link"" href=""https://qz.com/ai-stocks-dot-com-bubble-nvidia-google-microsoft-amazon-1851407019"" rel=""noopener noreferrer"" target=""_blank"">the recent AI boom</a>, which revealed the unexpected potential of its core product, the graphics processing units (GPUs), for AI development.<br /></p><p><a href=""https://qz.com/nvidia-stock-ai-chips-market-cap-1851647728"">Read more...</a></p>",Others
Why are the world's wealthiest families flocking to family offices?,https://qz.com/why-world-wealthiest-families-flocking-family-offices-1851665724,"Tue, 08 Oct 2024 09:00:00 GMT","<img class=""type:primaryImage"" src=""https://i.kinja-img.com/image/upload/c_fit,q_80,w_636/125a249558f2ae52fe8d92e668479a9d.jpg"" /><p>The wealthiest families in the world are increasingly investing their portfolios into risk assets rather than cash, a recent survey of more than 338 family offices revealed.<br /></p><p><a href=""https://qz.com/why-world-wealthiest-families-flocking-family-offices-1851665724"">Read more...</a></p>",Others
The top 10 mental health apps to try on World Mental Health Day,https://qz.com/calm-finch-world-mental-health-day-apps-1851666018,"Tue, 08 Oct 2024 09:00:00 GMT","<img class=""type:primaryImage"" src=""https://i.kinja-img.com/image/upload/c_fit,q_80,w_636/963bf2891df7c3e19106b56cec7c8c98.jpg"" /><p>In honor of World Mental Health Day on October 10 and National Depression and Mental Health Screening Month, we’re highlighting apps aiming to assist the millions of people seeking to improve their mental health. In 2019, an estimated <a class=""sc-1out364-0 dPMosf sc-145m8ut-0 lcFFec js_link"" href=""https://www.who.int/publications/i/item/9789240049338"" rel=""noopener noreferrer"" target=""_blank"">970 million people</a> worldwide were living with a mental disorder, according to the…</p><p><a href=""https://qz.com/calm-finch-world-mental-health-day-apps-1851666018"">Read more...</a></p>",Others
Costco's gold bars are selling out fast,https://qz.com/costco-gold-bars-metal-silver-platinum-retail-consumer-1851667327,"Mon, 07 Oct 2024 22:15:00 GMT","<img class=""type:primaryImage"" src=""https://i.kinja-img.com/image/upload/c_fit,q_80,w_636/eea1067b4d236d6ea531b3add498e85e.jpg"" /><p>In a striking display of <a class=""sc-1out364-0 dPMosf sc-145m8ut-0 lcFFec js_link"" href=""https://qz.com/costco-platinum-bars-gold-and-silver-retail-consumers-1851663436"" rel=""noopener noreferrer"" target=""_blank"">shifting</a> consumer behavior, Costco (<a class=""sc-1out364-0 dPMosf sc-145m8ut-0 lcFFec js_link"" href=""https://qz.com/quote/COST"" rel=""noopener noreferrer"" target=""_blank"">COST</a>) Wholesale gold bars are disappearing from shelves faster than they can be restocked. </p><p><a href=""https://qz.com/costco-gold-bars-metal-silver-platinum-retail-consumer-1851667327"">Read more...</a></p>",Others
FTX shareholders could get $1 billion after crypto firm is cleared to fully repay customers,https://qz.com/ftx-shareholders-billion-seized-crypto-exchange-sbf-1851667188,"Mon, 07 Oct 2024 20:51:00 GMT","<img class=""type:primaryImage"" src=""https://i.kinja-img.com/image/upload/c_fit,q_80,w_636/a0da3871c4dbf126245cc0ae4a47b7bd.jpg"" /><p>A judge has reportedly approved payments to customers of collapsed crypto exchange FTX — and its shareholders could get $1 billion in seized assets. </p><p><a href=""https://qz.com/ftx-shareholders-billion-seized-crypto-exchange-sbf-1851667188"">Read more...</a></p>",Others
"Christine McVie’s Fleetwood Mac scrapbook, Dianne Feinstein’s books, and an iconic Marilyn Monroe portrait: this week’s auction block roundup",https://qz.com/this-week-s-auction-block-roundup-1851667217,"Mon, 07 Oct 2024 20:19:00 GMT","<img class=""type:primaryImage"" src=""https://i.kinja-img.com/image/upload/c_fit,q_80,w_636/b08a23f0ad44536bd2d771ef878965b7.jpg"" /><p>Each week Quartz highlights the upcoming and ongoing sales at auction houses across the world. Among the items available are works of art, historical artifacts, and pop culture memorabilia that collectors won’t want to miss out on. While some of these objects go for millions, others are simultaneously affordable and…</p><p><a href=""https://qz.com/this-week-s-auction-block-roundup-1851667217"">Read more...</a></p>",Others
McDonald's is suing Tyson Foods for allegedly choking the beef supply chain to raise prices,https://qz.com/mcdonalds-sues-tyson-foods-jbs-cargill-beef-supply-1851667117,"Mon, 07 Oct 2024 19:56:00 GMT","<img class=""type:primaryImage"" src=""https://i.kinja-img.com/image/upload/c_fit,q_80,w_636/c05075daf60d07669013f7602b944647.jpg"" /><p><a class=""sc-1out364-0 dPMosf sc-145m8ut-0 lcFFec js_link"" href=""https://qz.com/mcdonalds-chicken-big-mac-retail-consumers-1851664859"" rel=""noopener noreferrer"" target=""_blank"">McDonald’s</a> has filed a <a class=""sc-1out364-0 dPMosf sc-145m8ut-0 lcFFec js_link"" href=""https://fingfx.thomsonreuters.com/gfx/legaldocs/jnvwjeeakpw/McDonald's%20v%20Cargill%20-%20EDNY%20-%2020241004.pdf"" rel=""noopener noreferrer"" target=""_blank"">lawsuit</a> against Tyson Foods (<a class=""sc-1out364-0 dPMosf sc-145m8ut-0 lcFFec js_link"" href=""https://qz.com/quote/TSN"" rel=""noopener noreferrer"" target=""_blank"">TSN</a>), JBS, and other  major meat processing companies, accusing them of colluding for years to limit beef supplies.<br /></p><p><a href=""https://qz.com/mcdonalds-sues-tyson-foods-jbs-cargill-beef-supply-1851667117"">Read more...</a></p>",Others
Donald Trump's plans would cut taxes on the richest 5% of America — and raise them for everyone else,https://qz.com/donald-trump-tax-cuts-wealthiest-americans-tarrifs-1851667005,"Mon, 07 Oct 2024 19:07:00 GMT","<img class=""type:primaryImage"" src=""https://i.kinja-img.com/image/upload/c_fit,q_80,w_636/003c6e4fa140321f294be54cd74a46d5.jpg"" /><p>Former President Donald Trump has promised to slash — or scrap — a lot of taxes. But his plans to hike tariffs on imports would “more than offset” those tax cuts for all but the richest 5% of Americans, according to a <a class=""sc-1out364-0 dPMosf sc-145m8ut-0 lcFFec js_link"" href=""https://itep.org/a-distributional-analysis-of-donald-trumps-tax-plan-2024/"" rel=""noopener noreferrer"" target=""_blank"">new analysis</a>. </p><p><a href=""https://qz.com/donald-trump-tax-cuts-wealthiest-americans-tarrifs-1851667005"">Read more...</a></p>",Others
Super Micro Computer stock surges 15% on big AI demand,https://qz.com/super-micro-computer-stock-shares-surge-ai-demand-gpu-1851667019,"Mon, 07 Oct 2024 19:05:36 GMT","<img class=""type:primaryImage"" src=""https://i.kinja-img.com/image/upload/c_fit,q_80,w_636/b0757900a5910da0c80f614a0b1b05db.jpg"" /><p>Server company Super Micro Computer (<a class=""sc-1out364-0 dPMosf sc-145m8ut-0 lcFFec js_link"" href=""https://qz.com/quote/SMCI"" rel=""noopener noreferrer"" target=""_blank"">SMCI</a>) unveiled a new liquid cooling solution for AI data centers on Monday, while also revealing it’s shipping over 100,000 graphics processing units (GPUs) quarterly — news that sent its stock climbing more than 15% in midday trading.</p><p><a href=""https://qz.com/super-micro-computer-stock-shares-surge-ai-demand-gpu-1851667019"">Read more...</a></p>",Others
A hot meal on a transatlantic JetBlue flight will now cost extra,https://qz.com/jetblue-transatlantic-hot-food-cut-1851667000,"Mon, 07 Oct 2024 18:28:00 GMT","<img class=""type:primaryImage"" src=""https://i.kinja-img.com/image/upload/c_fit,q_80,w_636/4d23d5624d6070712e3d63ca64bc48a1.jpg"" /><p>JetBlue is making a big change to its transatlantic flight offerings. CNN (<a class=""sc-1out364-0 dPMosf sc-145m8ut-0 lcFFec js_link"" href=""https://qz.com/quote/WBD"" rel=""noopener noreferrer"" target=""_blank"">WBD</a>) reports that the company’s “core” fares flying to Europe and the U.K. will <a class=""sc-1out364-0 dPMosf sc-145m8ut-0 lcFFec js_link"" href=""https://www.cnn.com/2024/10/07/travel/jetblue-drops-hot-meals-economy-passengers/index.html"" rel=""noopener noreferrer"" target=""_blank"">no longer come</a> with hot meals.</p><p><a href=""https://qz.com/jetblue-transatlantic-hot-food-cut-1851667000"">Read more...</a></p>",Others
EV chargers that feel more like a gas station are coming,https://qz.com/rove-ev-charger-gas-station-california-1851667059,"Mon, 07 Oct 2024 18:21:41 GMT","<img class=""type:primaryImage"" src=""https://i.kinja-img.com/image/upload/c_fit,q_80,w_636/d58fbe47c8ba02fee3d888b4ff0d6805.png"" /><p>One major key to EV adoption is creating a comprehensive charging network. Not only does it have to be <a class=""sc-1out364-0 dPMosf sc-145m8ut-0 lcFFec js_link"" href=""https://jalopnik.com/ev-charging-should-be-so-much-easier-1850784127?_gl=1*169sb8c*_ga*MTM0NDQ4ODA2My4xNzIyMzc4NDE0*_ga_V4QNJTT5L0*MTcyODMwMTQ1Ny4xMTguMS4xNzI4MzA1Njk0LjU3LjAuMA.."">convenient</a>, it has to be <a class=""sc-1out364-0 dPMosf sc-145m8ut-0 lcFFec js_link"" href=""https://jalopnik.com/non-tesla-evs-are-having-a-hard-time-using-supercharger-1851662200?_gl=1*169sb8c*_ga*MTM0NDQ4ODA2My4xNzIyMzc4NDE0*_ga_V4QNJTT5L0*MTcyODMwMTQ1Ny4xMTguMS4xNzI4MzA1Njk0LjU3LjAuMA.."">appealing</a>.  One company is making a valiant attempt with its new gas station-like EV chargers. </p><p><a href=""https://qz.com/rove-ev-charger-gas-station-california-1851667059"">Read more...</a></p>",Others
Bankrupt EV startup Fisker left its abandoned headquarters in 'complete disarray',https://qz.com/fisker-bankruptcy-evs-headquarters-lawsuit-1851667041,"Mon, 07 Oct 2024 18:18:10 GMT","<img class=""type:primaryImage"" src=""https://i.kinja-img.com/image/upload/c_fit,q_80,w_636/1b6194a6700ba7915bcebc87bf5f1507.png"" /><p><a class=""sc-1out364-0 dPMosf sc-145m8ut-0 lcFFec js_link"" href=""https://jalopnik.com/fisker-is-dead-but-its-legal-troubles-are-just-beginnin-1851666516"">Fisker can’t seem to do anything right</a> – and that includes closing up shop. Apparently, the <a class=""sc-1out364-0 dPMosf sc-145m8ut-0 lcFFec js_link"" href=""https://jalopnik.com/fisker-resorts-to-fixing-customer-cars-with-preproducti-1851454868?_gl=1*1un33re*_ga*MTI1NTUyODY0OS4xNjgzODI2NTIz*_ga_V4QNJTT5L0*MTcyODMxOTM1OC4xMzMuMS4xNzI4MzE5NTU3LjQ5LjAuMA.."">La Palma, California headquarters</a> of <a class=""sc-1out364-0 dPMosf sc-145m8ut-0 lcFFec js_link"" href=""https://jalopnik.com/comedy-of-errors-led-to-fisker-s-bankruptcy-1851550234"">the now-dead automaker</a> was abandoned and left in “complete disarray” with full-size <a class=""sc-1out364-0 dPMosf sc-145m8ut-0 lcFFec js_link"" href=""https://jalopnik.com/gm-clay-sculptor-buys-the-shittiest-car-in-the-junkyard-1844575033"">clay models,</a> automotive equipment, <a class=""sc-1out364-0 dPMosf sc-145m8ut-0 lcFFec js_link"" href=""https://jalopnik.com/real-world-solid-state-batteries-are-here-and-its-blowi-1851595209"">EV batteries </a>and hazardous waste left behind.</p><p><a href=""https://qz.com/fisker-bankruptcy-evs-headquarters-lawsuit-1851667041"">Read more...</a></p>",Others
A Frontier Airlines flight trailed flames as it landed,https://qz.com/frontier-airlines-flight-flames-land-las-vegas-airbus-1851667033,"Mon, 07 Oct 2024 18:14:32 GMT","<video loop="""" poster=""https://i.kinja-img.com/image/upload/c_fit,q_80,w_636/76a04059b0e2d273d3844bf96c600130.jpg""><source src=""https://i.kinja-img.com/image/upload/c_fit,q_80,w_636/76a04059b0e2d273d3844bf96c600130.mp4"" type=""video/mp4"" /></video><p>Clapping when a flight lands may be a fading tradition, but it’s fully deserved some days. Passengers on <a class=""sc-1out364-0 dPMosf sc-145m8ut-0 lcFFec js_link"" href=""https://jalopnik.com/frontier-launches-149-monthly-unlimited-flight-pass-wi-1850696796"">a Frontier Airlines flight</a> certainly had a reason for applause on Saturday after the flight from San Diego trailed flames from its landing gear while landing at <a class=""sc-1out364-0 dPMosf sc-145m8ut-0 lcFFec js_link"" href=""https://jalopnik.com/passenger-threatened-to-bomb-vegas-airport-because-he-c-1851647377"">Harry Reid International Airport</a> in Las Vegas. All…</p><p><a href=""https://qz.com/frontier-airlines-flight-flames-land-las-vegas-airbus-1851667033"">Read more...</a></p>",Others
"A classic Hamptons home, cliffside Beverly Hills bungalow and mansion-sized Manhattan townhouse: This week’s real estate roundup",https://qz.com/most-fabulous-real-estate-listings-oct-2024-1851666947,"Mon, 07 Oct 2024 17:58:00 GMT","<img class=""type:primaryImage"" src=""https://i.kinja-img.com/image/upload/c_fit,q_80,w_636/5c7b422cd1d4376df2c5bd5cab800146.jpg"" /><p>Each week Quartz highlights the most luxurious real estate listings across the country. These properties feature remarkable views, enviable locations, and lavish amenities — and they’re all on the market right now. Check out the best homes that are available with upcoming open houses.<br /></p><p><a href=""https://qz.com/most-fabulous-real-estate-listings-oct-2024-1851666947"">Read more...</a></p>",Others
Trump Media stock spikes 15% after Elon Musk came to a campaign rally,https://qz.com/trump-media-djt-elon-musk-campaign-rally-butler-1851666928,"Mon, 07 Oct 2024 17:46:23 GMT","<img class=""type:primaryImage"" src=""https://i.kinja-img.com/image/upload/c_fit,q_80,w_636/c44a202c802d764879de499d29565f49.jpg"" /><p><a class=""sc-1out364-0 dPMosf sc-145m8ut-0 lcFFec js_link"" href=""https://qz.com/trump-media-djt-stock-chart-market-cap-truth-social-1851430157?_gl=1*1gzgwni*_ga*MTY1NjQyMDgwNC4xNzIxMDcwOTUy*_ga_V4QNJTT5L0*MTcyODMxOTg5MS4yNTkuMC4xNzI4MzE5ODkzLjU4LjAuMA.."" rel=""noopener noreferrer"" target=""_blank"">Trump Media & Technology Group</a> stock spiked more than 15% Monday after Tesla (<a class=""sc-1out364-0 dPMosf sc-145m8ut-0 lcFFec js_link"" href=""https://qz.com/quote/TSLA"" rel=""noopener noreferrer"" target=""_blank"">TSLA</a>) and SpaceX chief Elon Musk <a class=""sc-1out364-0 dPMosf sc-145m8ut-0 lcFFec js_link"" href=""https://www.politico.com/news/2024/10/05/elon-musk-trump-butler-rally-00182615"" rel=""noopener noreferrer"" target=""_blank"">appeared next to former President Donald Trump</a> at a campaign rally Saturday.<br /></p><p><a href=""https://qz.com/trump-media-djt-elon-musk-campaign-rally-butler-1851666928"">Read more...</a></p>",Others
Panera Bread settled a Charged Lemonade lawsuit after a student's death,https://qz.com/panera-settles-lawsuit-death-charged-lemonade-1851666844,"Mon, 07 Oct 2024 17:24:26 GMT","<img class=""type:primaryImage"" src=""https://i.kinja-img.com/image/upload/c_fit,q_80,w_636/e73238ef5af36a137eb5afbe7f22b301.jpg"" /><p>Panera Bread has reached an agreement with the family of an Ivy League student who tragically passed away after consuming its <a class=""sc-1out364-0 dPMosf sc-145m8ut-0 lcFFec js_link"" href=""https://qz.com/panera-charged-up-lemonade-lawsuits-1851461401?_gl=1*mfrlcd*_ga*MTkzNTUxMDgwMy4xNzI0MjQ2NjI3*_ga_V4QNJTT5L0*MTcyODMxMDQzMS44NS4xLjE3MjgzMTgxNDAuNjAuMC4w"" rel=""noopener noreferrer"" target=""_blank"">now-discontinued Charged Lemonade</a>, as first <a class=""sc-1out364-0 dPMosf sc-145m8ut-0 lcFFec js_link"" href=""https://www.nbcnews.com/news/us-news/panera-settles-first-plaintiff-charged-lemonade-wrongful-death-suits-rcna174244"" rel=""noopener noreferrer"" target=""_blank"">reported</a> by NBC News (<a class=""sc-1out364-0 dPMosf sc-145m8ut-0 lcFFec js_link"" href=""https://qz.com/quote/CMCSA"" rel=""noopener noreferrer"" target=""_blank"">CMCSA</a>). </p><p><a href=""https://qz.com/panera-settles-lawsuit-death-charged-lemonade-1851666844"">Read more...</a></p>",Others
Tesla Cybertrucks are still being insured by Geico — despite claims otherwise,https://qz.com/tesla-cybertruck-geico-insurance-evs-elon-musk-1851666695,"Mon, 07 Oct 2024 17:20:10 GMT","<img class=""type:primaryImage"" src=""https://i.kinja-img.com/image/upload/c_fit,q_80,w_636/9846be04a6b746c04929a59b9eaa597d.jpg"" /><p>Geico (<a class=""sc-1out364-0 dPMosf sc-145m8ut-0 lcFFec js_link"" href=""https://qz.com/quote/BRK.A"" rel=""noopener noreferrer"" target=""_blank"">BRK.A</a>) on Monday denied that it has stopped underwriting Tesla’s (<a class=""sc-1out364-0 dPMosf sc-145m8ut-0 lcFFec js_link"" href=""https://qz.com/quote/TSLA"" rel=""noopener noreferrer"" target=""_blank"">TSLA</a>) Cybertruck electric pickups after claims circulated on social media and <a class=""sc-1out364-0 dPMosf sc-145m8ut-0 lcFFec js_link"" href=""https://www.cybertruckownersclub.com/forum/threads/geico-cancelling-all-cybertruck-insurance-policies-what.24927/"" rel=""noopener noreferrer"" target=""_blank"">enthusiast forums</a>.</p><p><a href=""https://qz.com/tesla-cybertruck-geico-insurance-evs-elon-musk-1851666695"">Read more...</a></p>",Others
Boeing is restarting talks to end a strike some compare to an economic Hurricane Helene,https://qz.com/boeing-strike-negotiations-act-of-god-1851666732,"Mon, 07 Oct 2024 17:10:00 GMT","<img class=""type:primaryImage"" src=""https://i.kinja-img.com/image/upload/c_fit,q_80,w_636/d87cb7e4a4775685ef265d4b4f06a837.jpg"" /><p>Boeing (<a class=""sc-1out364-0 dPMosf sc-145m8ut-0 lcFFec js_link"" href=""https://qz.com/quote/BA"" rel=""noopener noreferrer"" target=""_blank"">BA</a>) is back at the table with the machinists who <a class=""sc-1out364-0 dPMosf sc-145m8ut-0 lcFFec js_link"" href=""https://qz.com/boeing-machinis-union-labor-strike-contract-wages-1851647608"" rel=""noopener noreferrer"" target=""_blank"">have been on strike</a> for more than three weeks. Some economy observers are comparing the work stoppage’s impact to that of Hurricane Helene.</p><p><a href=""https://qz.com/boeing-strike-negotiations-act-of-god-1851666732"">Read more...</a></p>",Others
Who really created Bitcoin? A new HBO documentary claims it has the answer,https://qz.com/hbo-documentary-bitcoin-creator-satoshi-nakamoto-1851666819,"Mon, 07 Oct 2024 16:40:00 GMT","<img class=""type:primaryImage"" src=""https://i.kinja-img.com/image/upload/c_fit,q_80,w_636/24a7fc9a9e3fa9eac8b8381fae5cb121.jpg"" /><p><a class=""sc-1out364-0 dPMosf sc-145m8ut-0 lcFFec js_link"" href=""https://www.hbo.com/movies/money-electric-the-bitcoin-mystery"" rel=""noopener noreferrer"" target=""_blank"">“Money Electric: The Bitcoin Mystery,”</a> a new documentary from HBO (<a class=""sc-1out364-0 dPMosf sc-145m8ut-0 lcFFec js_link"" href=""https://qz.com/quote/WBD"" rel=""noopener noreferrer"" target=""_blank"">WBD</a>) debuting Tuesday, promises to unmask  one of the richest and most mysterious figures on the planet: the creator of <a class=""sc-1out364-0 dPMosf sc-145m8ut-0 lcFFec js_link"" href=""https://qz.com/bitcoin-ether-etf-solana-xrp-sec-1851664387"" rel=""noopener noreferrer"" target=""_blank"">Bitcoin</a>. </p><p><a href=""https://qz.com/hbo-documentary-bitcoin-creator-satoshi-nakamoto-1851666819"">Read more...</a></p>",Others
Martin Shkreli can't escape his $64 million fine,https://qz.com/supreme-court-martin-shkreli-fine-1851666753,"Mon, 07 Oct 2024 15:46:00 GMT","<img class=""type:primaryImage"" src=""https://i.kinja-img.com/image/upload/c_fit,q_80,w_636/b0e9f120d2b5ffca2843f12513c320e6.jpg"" /><p>The U.S. Supreme Court decided on Monday not to take up Martin Shkreli’s appeal of a $64.6 million penalty he received after raising the price of a lifesaving drug by more than 4,000% during his time as a pharma CEO.<br /></p><p><a href=""https://qz.com/supreme-court-martin-shkreli-fine-1851666753"">Read more...</a></p>",Others
Red Lobster's new CEO admits it: 'Endless Shrimp' was a disaster,https://qz.com/red-lobster-ceo-endless-shrimp-disaster-1851666647,"Mon, 07 Oct 2024 15:16:00 GMT","<img class=""type:primaryImage"" src=""https://i.kinja-img.com/image/upload/c_fit,q_80,w_636/a32342112a9412fc3a28da54536488c1.jpg"" /><p>Red Lobster’s new CEO, Damola Adamolekun, boldly declared the “Endless Shrimp” promotion a failure, citing its significant strain on the restaurant’s operations.<br /></p><p><a href=""https://qz.com/red-lobster-ceo-endless-shrimp-disaster-1851666647"">Read more...</a></p>",Others
Fisker is dead. But its legal problems are very much alive,https://qz.com/fisker-bankruptcy-sec-subpoena-legal-troubles-evs-1851666707,"Mon, 07 Oct 2024 14:59:48 GMT","<img class=""type:primaryImage"" src=""https://i.kinja-img.com/image/upload/c_fit,q_80,w_636/5b0864996a408a33512354c4299d853d.png"" /><p><a class=""sc-1out364-0 dPMosf sc-145m8ut-0 lcFFec js_link"" href=""https://jalopnik.com/fisker-ocean-owners-are-no-longer-marooned-as-new-servi-1851659156"">Sure, Fisker is dead</a>, but<a class=""sc-1out364-0 dPMosf sc-145m8ut-0 lcFFec js_link"" href=""https://jalopnik.com/fisker-is-dead-and-heres-why-1851546063""> its legal problems aren’t going</a> away anytime soon. The troubled automaker is now facing multiple subpoenas from the <a class=""sc-1out364-0 dPMosf sc-145m8ut-0 lcFFec js_link"" href=""https://jalopnik.com/comedy-of-errors-led-to-fisker-s-bankruptcy-1851550234"">Securities and Exchange Commission</a> after filing for bankruptcy protection back in June because it burned through too much cash trying to ramp up <a class=""sc-1out364-0 dPMosf sc-145m8ut-0 lcFFec js_link"" href=""https://jalopnik.com/this-bricked-fisker-ocean-only-needed-a-100-part-to-ru-1851653918"">Ocean EV</a> production.<br /></p><p><a href=""https://qz.com/fisker-bankruptcy-sec-subpoena-legal-troubles-evs-1851666707"">Read more...</a></p>",Others
"Donald Trump would balloon the federal debt by twice as much as Kamala Harris, report says",https://qz.com/donald-trump-kamala-harris-federal-debt-crfb-1851666579,"Mon, 07 Oct 2024 14:51:11 GMT","<img class=""type:primaryImage"" src=""https://i.kinja-img.com/image/upload/c_fit,q_80,w_636/70bb85f239d4315025d3266bd8e9c0f8.jpg"" /><p>Regardless of whether Former President Donald Trump or Vice President Kamala Harris becomes the next president of the United States, there’s at least one clear loser —  deficit hawks. </p><p><a href=""https://qz.com/donald-trump-kamala-harris-federal-debt-crfb-1851666579"">Read more...</a></p>",Others
"FTX token, Sui, Aptos, Popcat, and more: Cryptocurrencies to watch this week",https://qz.com/ftx-token-sui-aptos-popcat-cryptocurrencies-to-watch-1851666642,"Mon, 07 Oct 2024 14:23:00 GMT","<img class=""type:primaryImage"" src=""https://i.kinja-img.com/image/upload/c_fit,q_80,w_636/21216b4e9d998690a33858235e380fae.jpg"" /><p>The crypto market is closely tracking the stock market’s movements, reflecting broader economic trends. After a surge on Friday, spurred by a strong jobs report, cryptocurrencies saw a downturn on Monday morning as escalating tensions in the Middle East weighed on investor sentiment. However, Nvidia’s (<a class=""sc-1out364-0 dPMosf sc-145m8ut-0 lcFFec js_link"" href=""https://qz.com/quote/NVDA"" rel=""noopener noreferrer"" target=""_blank"">NVDA</a>) AI summit…</p><p><a href=""https://qz.com/ftx-token-sui-aptos-popcat-cryptocurrencies-to-watch-1851666642"">Read more...</a></p>",Others
Even Big Oil wants Donald Trump to keep Joe Biden's climate law — or at least parts of it,https://qz.com/oil-lobby-donald-trump-joe-biden-ira-spending-evs-1851666483,"Mon, 07 Oct 2024 13:33:13 GMT","<img class=""type:primaryImage"" src=""https://i.kinja-img.com/image/upload/c_fit,q_80,w_636/1a23d41a5a267b8e76033af4e2dd48ad.jpg"" /><p>Former President Donald Trump has been publicly critical of the sitting president’s signature climate bill and its benefits for clean energy. But even the oil lobby apparently wants to save the Inflation Reduction Act — just without some of the benefits for rival industries and products. </p><p><a href=""https://qz.com/oil-lobby-donald-trump-joe-biden-ira-spending-evs-1851666483"">Read more...</a></p>",Others
The Dow drops over 300 points as oil prices and Treasury yields rise,https://qz.com/dow-decline-rise-oil-prices-treasury-yields-1851666522,"Mon, 07 Oct 2024 12:50:00 GMT","<img class=""type:primaryImage"" src=""https://i.kinja-img.com/image/upload/c_fit,q_80,w_636/c5b897b911d0d701ba61e7d39f709233.jpg"" /><p>The Dow pulled back on Monday, pressured by a sharp rise in Treasury bond yields, <a class=""sc-1out364-0 dPMosf sc-145m8ut-0 lcFFec js_link"" href=""https://www.reuters.com/markets/global-markets-wrapup-1-2024-10-07/#:~:text=That%20sent%20yields%20on%20government,on%20Friday's%2013%20bp%20surge."" rel=""noopener noreferrer"" target=""_blank"">which surged to their highest levels in two months.</a> Escalating tensions in the Middle East added further uncertainty, contributing to a cautious market sentiment and an <a class=""sc-1out364-0 dPMosf sc-145m8ut-0 lcFFec js_link"" href=""https://www.nytimes.com/2024/10/05/business/dealbook/israel-iran-global-economy.html"" rel=""noopener noreferrer"" target=""_blank"">increase in oil prices.</a><br /></p><p><a href=""https://qz.com/dow-decline-rise-oil-prices-treasury-yields-1851666522"">Read more...</a></p>",Others
"Goldman Sachs says the S&P 500 could hit 6,000 this year",https://qz.com/sp-500-stock-market-economy-recession-goldman-sachsa-1851666494,"Mon, 07 Oct 2024 12:19:00 GMT","<img class=""type:primaryImage"" src=""https://i.kinja-img.com/image/upload/c_fit,q_80,w_636/7677ba62f57fcc47be808d77ce93354e.jpg"" /><p>Goldman Sachs (<a class=""sc-1out364-0 dPMosf sc-145m8ut-0 lcFFec js_link"" href=""https://qz.com/quote/GS"" rel=""noopener noreferrer"" target=""_blank"">GS</a>) raised it forecast for the S&amp;P 500 by year-end as the U.S. economy shows increasing signs of resilience.<br /></p><p><a href=""https://qz.com/sp-500-stock-market-economy-recession-goldman-sachsa-1851666494"">Read more...</a></p>",Others
Inside the slow-motion fall of Patrick Drahi,https://qz.com/patrick-drahi-sotheby-altice-john-malone-1851665674,"Mon, 07 Oct 2024 10:57:36 GMT","<img class=""type:primaryImage"" src=""https://i.kinja-img.com/image/upload/c_fit,q_80,w_636/1825af7696f625fc5cc0779b5a92329d.png"" /><p>A version of this article originally appeared in Quartz’s members-only Weekend Brief newsletter. Quartz members get access to exclusive newsletters and more. <a class=""sc-1out364-0 dPMosf sc-145m8ut-0 lcFFec js_link"" href=""https://qz.com/subscribe/plan"" rel=""noopener noreferrer"" target=""_blank"">Sign up here</a>.</p><p><a href=""https://qz.com/patrick-drahi-sotheby-altice-john-malone-1851665674"">Read more...</a></p>",Others
Prospects of a deal with Israel fade away as Saudis invite Iranian foreign minister to visit,https://www.foxnews.com/politics/iran-foreign-minister-saudi-arabia-deal-israel,"Tue, 08 Oct 2024 16:29:30 -0400",An Israel-Saudi normalization deal has seemingly evaporated as Iran’s foreign minister visits the kingdom on Tuesday to discuss efforts to halt Tel Aviv’s incursions into Gaza and Lebanon.,Others
"Reporter's Notebook: With no government shutdown, it feels like Christmas in September",https://www.foxnews.com/politics/reporters-notebook-no-government-shutdown-feels-like-christmas-september,"Tue, 08 Oct 2024 16:25:15 -0400","This spending bill funds the government through October, November, and just before Christmas, setting up another showdown just before Christmas eve.",Others
Early voting means 'election season' has already begun,https://www.foxnews.com/politics/days-until-voting-starts-election-season-kicks-off-sooner,"Wed, 07 Aug 2024 10:44:25 -0400","Early voting is expected to begin for some eligible Americans, and if the last two election cycles are any indication, many will have already voted before Election Day.",Others
Overseas meth sent to US election building shuts down office for hours,https://www.foxnews.com/politics/overseas-meth-sent-us-election-building-shuts-down-office-hours,"Tue, 08 Oct 2024 15:33:53 -0400","The Dutchess County Board of Elections office shut down for hours Monday over a suspicious package from Europe containing crystal meth, according to a press release.",Others
Kamala Harris' tough words on Iran confounds critics,https://www.foxnews.com/politics/harris-iran-biggest-us-adversary-china,"Tue, 08 Oct 2024 15:31:30 -0400",Vice President Kamala Harris had harsh words for Iran in an interview Monday evening as she said the regime is America’s biggest foe.,Others
New poll shows Harris taking a slim lead over Trump thanks to support from a surprising group,https://www.foxnews.com/politics/new-poll-shows-harris-taking-slim-lead-over-trump-support-from-surprising-group,"Tue, 08 Oct 2024 15:19:54 -0400",Poll indicates increased support from Republicans is helping fuel Vice President Kamala Harris with 4 weeks to go until Election Day in her White House showdown with former President Trump,Others
North Carolina residents will see changes to early voting after Hurricane Helene,https://www.foxnews.com/politics/north-carolina-residents-see-changes-early-voting-after-hurricane-helene,"Tue, 08 Oct 2024 14:20:52 -0400",The North Carolina Elections Board passed a resolution to adjust voting rules in thirteen swing state counties following Hurricane Helene.,Others
New poll reveals which voter group are fueling Trump to a narrow edge over Harris in battleground,https://www.foxnews.com/politics/new-poll-which-voter-group-fueling-trump-narrow-edge-over-harris-battleground,"Tue, 08 Oct 2024 14:00:03 -0400","Former President Donald Trump holds a razor-thin two-point edge over Vice President Kamala Harris in battleground Arizona, according to a new public opinion poll.",Others
Texas AG demands Biden-Harris admin help verify citizenship of nearly 500K registered voters,https://www.foxnews.com/politics/texas-ag-demands-biden-harris-admin-help-verify-citizenship-nearly-500k-registered-voters,"Tue, 08 Oct 2024 13:21:56 -0400",The Texas Attorney General has written to the Biden-Har­ris administration urging it to provide information on nearly half a million people who have not had their citizenship verified.,Others
SEE IT: Wisconsin dairy farmer says 'no question' Trump admin was 'much better' than Biden-Harris,https://www.foxnews.com/politics/see-it-wisconsin-dairy-farmer-says-no-question-trump-admin-much-better-than-biden-harris,"Tue, 08 Oct 2024 13:08:37 -0400",Waukesha County dairy farmer Tom Oberhaus explained why he&apos;s choosing Trump once again in 2024 and how inflation has hurt those in the agriculture industry.,Others
Biden cancels overseas trip as Milton bears down on Florida; DeSantis tells VP 'it's not about you Kamala',https://www.foxnews.com/politics/biden-cancels-overseas-trip-milton-bears-down-florida-desantis-tells-vp-its-not-about-you-kamala,"Tue, 08 Oct 2024 13:01:02 -0400","President Biden cancels an international trip to oversee federal storm preparations and response efforts, while Vice President Kamala Harris and Gov. Ron DeSantis trade fire as Hurricane Milton nears Florida.",Others
Mayorkas rips 'politicized' atmosphere over FEMA disaster response amid GOP criticism: 'It sows distrust',https://www.foxnews.com/politics/mayorkas-rips-politicized-atmosphere-over-fema-disaster-response-amid-gop-criticism-it-sows-distrust,"Tue, 08 Oct 2024 12:59:00 -0400",Homeland Security Secretary Alejandro Mayorkas is pushing back against what he says is disinformation on the agency&apos;s response to the disaster caused by Hurricane Helene.,Others
Hispanic voters rail against 'dishonest' Biden-Harris border record as poll shows Trump gaining in key states,https://www.foxnews.com/politics/hispanic-voters-rail-against-dishonest-biden-harris-border-record-poll-shows-trump-gaining-key-states,"Tue, 08 Oct 2024 12:03:07 -0400",Hispanic Trump supporters who spoke to Fox News Digital in Nevada railed against Biden-Harris border policies and said Hispanic voters are moving toward Trump.,Others
PA gov takes victory lap after Supreme Court rejects GOP bid to overturn election law ‘usurpations’,https://www.foxnews.com/politics/pa-gov-takes-victory-lap-after-supreme-court-rejects-gop-bid-overturn-election-law-usurpations,"Tue, 08 Oct 2024 11:50:46 -0400",The U.S. Supreme Court rejected hearing a GOP-backed challenge from lawmakers in Pennsylvania regarding an election executive order signed by President Biden in 2021.,Others
House GOP targets Biden 'social cost' policy for rising energy prices,https://www.foxnews.com/politics/house-gop-targets-biden-social-cost-policy-rising-energy-prices,"Tue, 08 Oct 2024 04:00:05 -0400",House Republicans are targeting Biden administration efforts to regulate the &quot;social cost&quot; of greenhouse gas emissions in the U.S.,Others
NYC First Deputy Mayor Sheena Wright resigns as Eric Adams' administration suffers more departures,https://www.foxnews.com/politics/nyc-first-deputy-mayor-sheena-wright-resigns-eric-adams-administration-suffers-more-departures-report,"Tue, 08 Oct 2024 11:29:55 -0400",New York City First Deputy Mayor Sheena Wright is stepping down from her position as Mayor Eric Adams&apos; administration faces more turmoil.,Others
GOP lawmaker unveils effort to ban illegal immigrants from using IDs to buy guns,https://www.foxnews.com/politics/gop-lawmaker-unveils-effort-ban-illegal-immigrants-using-ids-buy-guns,"Tue, 08 Oct 2024 10:00:50 -0400",A new House GOP bill would ban the sale of firearms to people in the U.S. illegally even if they have a government ID.,Others
Oregon mistakenly registered hundreds more voters without proving citizenship,https://www.foxnews.com/politics/oregon-mistakenly-registered-hundreds-more-voters-without-proving-citizenship,"Tue, 08 Oct 2024 11:18:06 -0400",Authorities in Oregon have announced they have identified a further 302 people on the state’s voter rolls who didn’t provide proof of citizenship when they were registered to vote.,Others
5 key takeaways from Kamala Harris' '60 Minutes' interview,https://www.foxnews.com/politics/5-key-takeaways-from-kamala-harris-60-minutes-interview,"Tue, 08 Oct 2024 10:55:59 -0400","Vice President Kamala Harris sat down for an interview on CBS&apos; &quot;60 Minutes,&quot; when she faced questions on her economic plans, immigration and foreign policy.",Others
"Biden White House has ‘very low’ trust in Netanyahu regime, urges transparency: report",https://www.foxnews.com/politics/biden-white-house-warns-very-low-trust-netanyahu-regime-demands-transparency-report,"Tue, 08 Oct 2024 10:40:12 -0400","President Biden&apos;s White House is growing increasingly distrustful of Israeli Prime Minister Benjamin Netanyahu&apos;s regime, according to a Tuesday report.",Others
Fox News Power Rankings: The biggest surprises come after October,https://www.foxnews.com/politics/fox-news-power-rankings-biggest-surprises-come-after-october,"Tue, 08 Oct 2024 08:57:25 -0400",The latest Fox News Power Rankings forecast shows the state of the race with four weeks until election night.,Others
Wisconsin Senate race shifts to 'toss up' by handicapper as Tammy Baldwin fights for re-election,https://www.foxnews.com/politics/wisconsin-senate-race-shifts-toss-up-handicapper-tammy-baldwin-fights-re-election,"Tue, 08 Oct 2024 10:01:29 -0400","The Senate race in Wisconsin is being shifted to a &quot;Toss Up,&quot; signifying Democrats losing ground in the crucial state.",Others
"Mike Lee outlines roadmap for McConnell successor, warns the 'health of the Republican Party' is at stake",https://www.foxnews.com/politics/mike-lee-outlines-roadmap-mcconnell-successor-warns-health-republican-party-stake,"Tue, 08 Oct 2024 08:38:56 -0400","Sen. Mike Lee has written a letter to Republican colleagues about how he believes they can create &quot;stronger, more accountable Senate that truly serves the people.&quot;",Others
Harris takes slim lead over Trump in new poll as voters view her as candidate of change,https://www.foxnews.com/politics/harris-takes-slim-lead-over-trump-new-poll-voters-view-her-candidate-change,"Tue, 08 Oct 2024 08:26:03 -0400",Vice President Harris took a small lead over former President Trump in a new national poll released on Tuesday as voters increasingly see her as the candidate of change.,Others
'Tough call': Atlanta voters split on who will win Georgia,https://www.foxnews.com/politics/tough-call-atlanta-voters-split-who-win-georgia,"Tue, 08 Oct 2024 08:00:15 -0400","Fox News Digital heard directly from Atlanta residents about who they think will win the presidential race in Georgia, a key swing state.",Others
Xi Jinping celebrates China’s rising power — and his own,http://www.pbs.org/newshour/bb/xi-jinping-celebrates-chinas-rising-power/,"Wed, 18 Oct 2017 22:35:21 +0000",President Xi Jinping opened China’s twice-per decade Communist Party Congress on Wednesday hailing the reforms he put in place during his first five-year term and sharing his vision for where he hopes to take the nation. William Brangham reports on the congress as it prepares to announce Xi’s successor and how new leadership may transform China’s role as a global economic partner.,Others
"The battle for Mosul is over, but this hidden ISIS danger could lurk for years",http://www.pbs.org/newshour/bb/battle-mosul-hidden-isis-danger-lurk-years/,"Wed, 18 Oct 2017 22:20:26 +0000","Iraq may have ousted Islamic States militants from the city of Mosul over the summer, but the major task of finding and destroying the mines, booby traps and bombs remains. A security firm hired by the U.S. and Iraqi workers are making progress to clear major areas, but it could take years or even decades. Special correspondent Marcia Biggs reports on the safety of Mosul after ISIS.",Others
"As Rohingya refugees continue to flee from persecution, here’s how you can help",http://www.pbs.org/newshour/rundown/rohingya-refugees-continue-flee-persecution-heres-can-help/,"Wed, 18 Oct 2017 20:58:34 +0000","More than 500,000 Rohingya Muslims have fled their homes since August to escape systematic violence at the hands of government soldiers in Myanmar. Here's how you can help.",Others
Tillerson: ‘Heartbreaking’ reports of suffering in Myanmar,http://www.pbs.org/newshour/rundown/tillerson-heartbreaking-reports-suffering-myanmar/,"Wed, 18 Oct 2017 15:36:51 +0000","WASHINGTON — Secretary of State Rex Tillerson is condemning reported atrocities committed against Rohingya Muslims in Myanmar, and he says those responsible — perhaps the country's military — will be held accountable.",Others
Far-right groups gain ground in Sweden and Germany amid migrant influx,http://www.pbs.org/newshour/bb/far-right-groups-gain-ground-sweden-germany-amid-migrant-influx/,"Tue, 17 Oct 2017 22:30:37 +0000","Sunday’s election in Austria brought victory to 31-year-old Sebastian Kurz, who was elected chancellor on an anti-immigrant platform. Earlier, a strengthened far-right party dealt a blow to returning leader Angela Merkel in Germany’s election. As Sweden’s election approaches next year, special correspondent Michael Brabant surveys the changing political landscape in Europe.",Others
U.S.-backed Syrian forces recapture Raqqa from Islamic State group,http://www.pbs.org/newshour/rundown/u-s-backed-syrian-forces-recapture-raqqa-from-islamic-state-group/,"Tue, 17 Oct 2017 16:57:20 +0000",U.S.-backed Syrian Democratic Forces announced Tuesday that they had captured the city of Raqqa from Islamic State militants.,Others
WATCH: Trump and Greek prime minister hold joint news conference,http://www.pbs.org/newshour/rundown/watch-live-trump-and-greek-prime-minister-hold-joint-press-conference/,"Tue, 17 Oct 2017 16:28:24 +0000",President Donald Trump says the U.S. stands with Greece as they recover from their economic crisis.,Others
"U.S., Japan agree to maximize diplomatic pressure on North Korea",http://www.pbs.org/newshour/rundown/u-s-japan-agree-maximize-diplomatic-pressure-north-korea/,"Tue, 17 Oct 2017 13:01:05 +0000","TOKYO — U.S. and Japanese diplomats agreed Tuesday to maximize pressure on North Korea to resolve tensions over its nuclear program, while citing the need to be prepared for the worst if diplomacy fails.",Others
News Wrap: Dozens missing after deadly Mogadishu truck bombing,http://www.pbs.org/newshour/bb/news-wrap-dozens-missing-deadly-mogadishu-truck-bombing/,"Mon, 16 Oct 2017 22:45:17 +0000","In our news wrap Monday, more than 300 people are confirmed dead and nearly 400 wounded after Saturday’s massive truck bombing in Somalia’s capital Mogadishu. The government blamed the al-Qaida-linked group al-Shabab. Also, 31-year-old conservative Sebastian Kurz is set to become the Austria’s next leader in another shift to the right in European politics.",Others
Why a power struggle has broken out over Kirkuk,http://www.pbs.org/newshour/bb/power-struggle-broken-kirkuk/,"Mon, 16 Oct 2017 22:40:31 +0000","Two vital American allies have reignited their rivalry in Iraq. After months of simmering tensions, national military forces and militia moved to push Kurdish forces out of the disputed city of Kirkuk. Three weeks ago, the Kurds held a referendum to split from Iraq. Lisa Desjardins reports and Judy Woodruff talks with Emma Sky of Yale University and Feisal Istrabadi of Indiana University.",Others
Rex Tillerson says continue diplomacy with North Korea ‘until first bomb drops’,http://www.pbs.org/newshour/rundown/rex-tillerson-says-continue-diplomacy-north-korea-first-bomb-drops/,"Mon, 16 Oct 2017 11:08:00 +0000","That statement comes despite President Donald Trump's tweets a couple of weeks ago that his chief envoy was ""wasting his time"" trying to negotiate with ""Little Rocket Man,"" a mocking nickname Trump has given the nuclear-armed nation's leader, Kim Jong Un.",Others
"Iraqi, Kurdish forces in standoff, weeks after Kurdish vote for independence",http://www.pbs.org/newshour/bb/iraqi-kurdish-forces-standoff-weeks-kurdish-vote-independence/,"Sun, 15 Oct 2017 20:33:23 +0000","Iraqi army and Kurdish troops are in a standoff in Kirkuk, a city located in the Kurdistan region, which voted for independence from Iraq last month. Kirkuk holds 10 percent of Iraq’s oil reserves. Washington Post reporter Loveday Morris, who is covering the standoff, joins Hari Sreenivasan via Skype from Baghdad.",Others
South Sudan civil war causes Africa’s worst refugee crisis,http://www.pbs.org/newshour/bb/south-sudan-civil-war-causes-africas-worst-refugee-crisis/,"Sun, 15 Oct 2017 19:26:17 +0000","South Sudan’s four-year civil war has left half of the nation’s population, 6 million people, in need of humanitarian aid and caused one of the world’s worst refugee crises. With support from the U.S. Holocaust Memorial Museum’s Center for the Prevention of Genocide, NewsHour Weekend Special Correspondent Simona Foltyn and journalist Jason Patinkin traveled to Uganda to meet people desperate for asylum.",Others
Hundreds dead after massive truck bomb strikes Mogadishu,http://www.pbs.org/newshour/rundown/hundreds-dead-massive-truck-bomb-strikes-mogadishu/,"Sun, 15 Oct 2017 16:27:49 +0000",At least 231 people were killed and hundreds more wounded after a massive truck bomb on Saturday struck Somalia's capital city of Mogadishu.,Others
Column: Why reporting from South Sudan is so difficult — and critically needed,http://www.pbs.org/newshour/updates/reporters-notebook-reporting-south-sudan-difficult-critically-needed/,"Sun, 15 Oct 2017 14:27:40 +0000","The war has had a devastating impact on South Sudanese communities, but much of it has remained out of the limelight of international media.",Others
Kashmir and Haryana prove India exit polls wrong,https://www.bbc.com/news/articles/cx2y4ew10wxo,"Tue, 08 Oct 2024 12:15:30 GMT",India's ruling BJP appears on course to hold Haryana state but is heading for defeat in Kashmir.,Others
Indian financial aid opens 'new chapter' with Maldives,https://www.bbc.com/news/articles/cly4eq78k5qo,"Mon, 07 Oct 2024 12:24:15 GMT",The deal comes as the Maldives president visits Delhi after relations nosedived in recent months.,Others
Why are there so many dropped catches at T20 World Cup?,https://www.bbc.com/sport/cricket/articles/cg78yd0p088o,"Sun, 06 Oct 2024 20:01:57 GMT",BBC Sport looks at the significant number of dropped catches at the Women's T20 World Cup so far and the possible explanations.,Others
Climbers rescued after three days in the Himalayas,https://www.bbc.com/news/articles/c93y147z4pdo,"Sun, 06 Oct 2024 16:14:26 GMT","A British climber who went missing in the Himalayas has spoken of her relief after surviving for two days in ""brutal"" conditions that put her life in danger.",Others
Maldives president visits India amid trouble in tourist paradise,https://www.bbc.com/news/articles/ce8vz8j60kno,"Sun, 06 Oct 2024 00:10:51 GMT",President Muizzu is visiting India at a time when his country is staring at an economic crisis.,Others
The Polish artist who painted Hindu gods in Indian palaces,https://www.bbc.com/news/articles/c8xe17pegrno,"Fri, 04 Oct 2024 23:21:43 GMT",Stefan Norblin painted beautiful murals in the art deco style for Indian maharajas in the 1940s.,Others
India government says criminalising marital rape 'excessively harsh',https://www.bbc.com/news/articles/c80r38yeempo,"Fri, 04 Oct 2024 06:32:38 GMT",The government has opposed petitions in the country's top court that seek criminalisation of marital rape.,Others
India's foreign minister to visit Pakistan for the first time since 2015,https://www.bbc.com/news/articles/c0lw9pdw400o,"Fri, 04 Oct 2024 12:41:38 GMT",India's foreign minister S Jaishankar will be attending a regional meeting in Pakistan this month.,Others
How India became a Test cricket powerhouse,https://www.bbc.com/news/articles/cz6w0lygq22o,"Thu, 03 Oct 2024 21:27:11 GMT","More than 90 years after its first Test match, India boasts more victories in the format than losses.",Others
India's iconic tramcars set to ride into Kolkata sunset,https://www.bbc.com/news/articles/ckgn4mzn224o,"Tue, 01 Oct 2024 23:30:25 GMT",Kolkata's iconic trams are in danger of being shut down entirely. But activists are fighting back.,Others
"My mission is to take Tamil music global, says Sid Sriram",https://www.bbc.com/news/articles/cvgwwqpdj74o,"Sun, 06 Oct 2024 00:25:44 GMT","The Indian-born, American-raised artist is going to perform his biggest solo UK show.",Others
India's top court saves a poor student's college dream,https://www.bbc.com/news/articles/cx25nq12n10o,"Thu, 03 Oct 2024 09:24:47 GMT",Atul Kumar missed the deadline to pay his college fee by a few seconds - then a court stepped in to help him.,Others
The 'mastermind' behind India's biggest jailbreak,https://www.bbc.com/news/articles/c1dd9rj3vmyo,"Tue, 01 Oct 2024 01:48:53 GMT","Nearly 20 years ago, 389 men escaped from an Indian jail, led by a man believed to have planned the breakout.",Others
The world’s diamond polishing capital feels Ukraine war impact,https://www.bbc.com/news/articles/c1e866ypp1zo,"Mon, 30 Sep 2024 01:04:21 GMT",Wars and recession in key Western markets have left India's diamond industry workers distraught and jobless.,Others
"Sold out in minutes, resold for millions: Coldplay tickets spark outrage in India",https://www.bbc.com/news/articles/c99v12e3yj4o,"Sun, 29 Sep 2024 01:24:50 GMT","Coldplay's concerts in Mumbai sold out in minutes and now resellers are charging up to $10,000 for a ticket.",Others
A famed holy sweet in an unsavoury row in India,https://www.bbc.com/news/articles/cglkenxgd5xo,"Thu, 26 Sep 2024 21:41:55 GMT",The famous Tirupati temple laddus are prized by devotees who consider them god’s blessing.,Others
Your essential guide to the ICC Women's T20 World Cup,https://www.bbc.com/sport/cricket/articles/c99vp4yyyyxo,"Tue, 01 Oct 2024 07:59:27 GMT",The Women's T20 World Cup in the United Arab Emirates starts on 3 October - here's everything you need to know about the ninth edition.,Others
The Kashmiri politician whose return from jail ruffled feathers,https://www.bbc.com/news/articles/cgj4l01q9jgo,"Thu, 26 Sep 2024 01:00:04 GMT",A court has allowed jailed lawmaker Engineer Rashid to return to Kashmir to campaign in regional polls.,Others
Death of Indian employee sparks debate on 'toxic work culture',https://www.bbc.com/news/articles/c0kjgp4jr5yo,"Tue, 24 Sep 2024 21:39:31 GMT","Anna Perayil's parents allege she died four months after starting a job because of ""overwhelming work stress"".",Others
Tigers and crocs make mangrove preservation tough work,https://www.bbc.com/news/articles/crrldyvqe4xo,"Mon, 23 Sep 2024 23:09:02 GMT",To help preserve mangrove forests researchers have to take on demanding field work.,Others
How Punjabi megastar Diljit Dosanjh is inspiring the next gen,https://www.bbc.com/news/articles/cwy9gln6lz6o,"Sat, 21 Sep 2024 23:51:46 GMT",The biggest Punjabi singer in the world brings his Dil-Luminati tour to the UK.,Others
Hema committee report: Why are India's biggest film stars silent?,https://www.bbc.com/news/articles/cn9dgjd8rewo,"Thu, 19 Sep 2024 21:39:03 GMT","The stars’ silence on a report exposing poor working conditions and sexual harassment in Kerala’s film industry is deafening, say critics.",Others
"Volunteers dying as Russia’s war dead tops 70,000",https://www.bbc.com/news/articles/cjr3255gpjgo,"Thu, 19 Sep 2024 23:12:45 GMT",The governments of India and Nepal have called on Moscow to stop sending their citizens to Ukraine and repatriate the bodies of the dead.,Others
Why hundreds of Samsung workers are protesting in India,https://www.bbc.com/news/articles/c7488w85n00o,"Thu, 19 Sep 2024 13:51:52 GMT",About 1500 workers in Tamil Nadu state have been striking work for the past 11 days.,Others
'Please save me': The Indians duped into fighting for Russia,https://www.bbc.com/news/articles/cly6ve2x72xo,"Wed, 18 Sep 2024 08:11:06 GMT",Dozens of Indian men have been discharged from the Russian army and are making their way home.,Others
"After a decade, Kashmir votes in historic elections",https://www.bbc.com/news/articles/cpw84kv9q8yo,"Mon, 16 Sep 2024 08:31:13 GMT",This is the first assembly election since PM Modi's government revoked Kashmir's special status in 2019.,Others
The German woman who helped build an Indian university,https://www.bbc.com/news/articles/cn020ywgx2yo,"Mon, 16 Sep 2024 21:41:27 GMT",Gerda Philipsborn left her home in Germany to help her three Indian friends set up Jamia Millia Islamia.,Others
Bangladesh leader’s ‘megaphone diplomacy’ irks India,https://www.bbc.com/news/articles/cz6xqyzzdxgo,"Thu, 12 Sep 2024 21:41:41 GMT",Ties between India and Bangladesh remain frosty more than a month after Sheikh Hasina was ousted from power.,Others
India's oldest trams may soon be brought to a halt,https://www.bbc.com/news/articles/cr54qr64n1qo,"Tue, 01 Oct 2024 12:27:53 GMT",Authorities in the eastern city of Kolkata announced plans to discontinue its iconic trams first set up in 1873.,Others
Kolkata night protest: 'Today I witnessed history',https://www.bbc.com/news/videos/ce3106yz19do,"Thu, 15 Aug 2024 10:22:01 GMT",A young woman was among thousands who took part in a march in India's West Bengal. This is what she saw.,Others
Watch: Thousands of women protest about rape and murder of doctor in India,https://www.bbc.com/news/videos/czx67lknn54o,"Thu, 15 Aug 2024 08:56:44 GMT",Women led a march in West Bengal state after a female doctor's brutal rape and murder last week.,Others
Watch: Building collapses into river in Himachal Pradesh,https://www.bbc.com/news/videos/c1vdw9546wwo,"Thu, 01 Aug 2024 07:44:51 GMT","No-one was injured in the incident, which took place due to heavy rainfall.",Others
"Watch: Blue screens, queues and airport delays worldwide",https://www.bbc.com/news/videos/cz7ejpld988o,"Fri, 19 Jul 2024 11:51:09 GMT","Many flights have been grounded, with huge queues and delays at airports all over the world.",Others
Lavish Ambani wedding divides opinions in India,https://www.bbc.com/news/videos/cgr5073mz74o,"Fri, 12 Jul 2024 13:22:41 GMT",The noise around the lavish wedding has drawn public fascination - and ire.,Others
"Former PMs, film and sports stars join Ambani wedding",https://www.bbc.com/news/videos/cv2gnv34kyeo,"Fri, 12 Jul 2024 21:10:01 GMT",Tony Blair and Boris Johnson were among guests to arrive at the wedding of a billionaire's son.,Others
WATCH: Families mourn victims of deadly India crush,https://www.bbc.com/news/videos/cw4ypql875ko,"Wed, 03 Jul 2024 09:42:54 GMT","At least 121 people, mostly women, were killed in the crush at a religious event in northern India.",Others
Watch: Delhi airport roof collapses due to heavy rain,https://www.bbc.com/news/videos/c134zdz2nnro,"Fri, 28 Jun 2024 07:43:43 GMT",The incident has left one person dead and injured four others.,Others
What worked for India's Modi - and what didn’t?,https://www.bbc.com/news/articles/ce442577v35o,"Tue, 04 Jun 2024 15:32:32 GMT",Indian Prime Minister Narendra Modi and his party have won the most seats in this year's election.,Others
"Arrests, accusations and AI: India’s election unpacked",https://www.bbc.com/news/videos/cqqq2g653gro,"Sat, 01 Jun 2024 23:07:59 GMT","On 4 June, Indians will find out who governs their country for the next five years.",Others
